instance_id,source_instance_id,definition,name,node_kind,motion_class,condition,motion_owner,evidence,confidence,review_status,rationale,source_url,source_sha256
p_0_1_1_1__0_1_1_1_1,0:1:1:1/0:1:1:1:1,2,Gruppe Zifferblatt dezentrisch 18,assembly,unresolved,aggregate; classify descendants individually,unassigned,U-COVERAGE,unresolved,external review open,Source hierarchy contains mixed or unproven motion; never rotate this assembly wholesale.,https://www.marcolangwatches.com/cad/ml01-zweigesicht-2/,f34148903818c273e20deeb0e70d3dc7782e08a413bc0e420f30d8c209aa4a2b
p_0_1_1_1__0_1_1_1_1__0_1_1_2_1,0:1:1:1/0:1:1:1:1/0:1:1:2:1,3,ZB Ring 18 Emaille rot transluzid,leaf,fixed,normal running,frame,E-CAD,assembly-role assumption,external review open,Support/fastener/dial structure at rest in normal running; fitting and conditional compliance need review where relevant.,https://www.marcolangwatches.com/cad/ml01-zweigesicht-2/,f34148903818c273e20deeb0e70d3dc7782e08a413bc0e420f30d8c209aa4a2b
p_0_1_1_1__0_1_1_1_1__0_1_1_2_2,0:1:1:1/0:1:1:1:1/0:1:1:2:2,4,ZB Ring 18 nur Emaille rot,leaf,fixed,normal running,frame,E-CAD,assembly-role assumption,external review open,Support/fastener/dial structure at rest in normal running; fitting and conditional compliance need review where relevant.,https://www.marcolangwatches.com/cad/ml01-zweigesicht-2/,f34148903818c273e20deeb0e70d3dc7782e08a413bc0e420f30d8c209aa4a2b
p_0_1_1_1__0_1_1_1_1__0_1_1_2_3,0:1:1:1/0:1:1:1:1/0:1:1:2:3,5,Applik Punkt 80,leaf,fixed,normal running,frame,E-CAD,assembly-role assumption,external review open,Support/fastener/dial structure at rest in normal running; fitting and conditional compliance need review where relevant.,https://www.marcolangwatches.com/cad/ml01-zweigesicht-2/,f34148903818c273e20deeb0e70d3dc7782e08a413bc0e420f30d8c209aa4a2b
p_0_1_1_1__0_1_1_1_1__0_1_1_2_4,0:1:1:1/0:1:1:1:1/0:1:1:2:4,5,Applik Punkt 80,leaf,fixed,normal running,frame,E-CAD,assembly-role assumption,external review open,Support/fastener/dial structure at rest in normal running; fitting and conditional compliance need review where relevant.,https://www.marcolangwatches.com/cad/ml01-zweigesicht-2/,f34148903818c273e20deeb0e70d3dc7782e08a413bc0e420f30d8c209aa4a2b
p_0_1_1_1__0_1_1_1_1__0_1_1_2_5,0:1:1:1/0:1:1:1:1/0:1:1:2:5,6,"Min_Zeiger 8,0 Lanze verpresst",assembly,unresolved,aggregate; classify descendants individually,unassigned,U-COVERAGE,unresolved,external review open,Source hierarchy contains mixed or unproven motion; never rotate this assembly wholesale.,https://www.marcolangwatches.com/cad/ml01-zweigesicht-2/,f34148903818c273e20deeb0e70d3dc7782e08a413bc0e420f30d8c209aa4a2b
p_0_1_1_1__0_1_1_1_1__0_1_1_2_5__0_1_1_6_1,0:1:1:1/0:1:1:1:1/0:1:1:2:5/0:1:1:6:1,7,"Min_Zeiger 8,5 Lanze",leaf,continuously-driven,"normal running, when fitted",small-minute,E-HANDS,"fit-verified, drive-assumed",external review open,Reviewed blade/support pairing; upstream motion works unresolved (U-DISPLAY).,https://www.marcolangwatches.com/cad/ml01-zweigesicht-2/,f34148903818c273e20deeb0e70d3dc7782e08a413bc0e420f30d8c209aa4a2b
p_0_1_1_1__0_1_1_1_1__0_1_1_2_5__0_1_1_6_2,0:1:1:1/0:1:1:1:1/0:1:1:2:5/0:1:1:6:2,8,Zeigerbuchse_28x100x70,leaf,continuously-driven,"normal running, when fitted",small-minute,E-HANDS,"fit-verified, drive-assumed",external review open,Reviewed blade/support pairing; upstream motion works unresolved (U-DISPLAY).,https://www.marcolangwatches.com/cad/ml01-zweigesicht-2/,f34148903818c273e20deeb0e70d3dc7782e08a413bc0e420f30d8c209aa4a2b
p_0_1_1_1__0_1_1_1_1__0_1_1_2_6,0:1:1:1/0:1:1:1:1/0:1:1:2:6,5,Applik Punkt 80,leaf,fixed,normal running,frame,E-CAD,assembly-role assumption,external review open,Support/fastener/dial structure at rest in normal running; fitting and conditional compliance need review where relevant.,https://www.marcolangwatches.com/cad/ml01-zweigesicht-2/,f34148903818c273e20deeb0e70d3dc7782e08a413bc0e420f30d8c209aa4a2b
p_0_1_1_1__0_1_1_1_1__0_1_1_2_7,0:1:1:1/0:1:1:1:1/0:1:1:2:7,5,Applik Punkt 80,leaf,fixed,normal running,frame,E-CAD,assembly-role assumption,external review open,Support/fastener/dial structure at rest in normal running; fitting and conditional compliance need review where relevant.,https://www.marcolangwatches.com/cad/ml01-zweigesicht-2/,f34148903818c273e20deeb0e70d3dc7782e08a413bc0e420f30d8c209aa4a2b
p_0_1_1_1__0_1_1_1_1__0_1_1_2_8,0:1:1:1/0:1:1:1:1/0:1:1:2:8,5,Applik Punkt 80,leaf,fixed,normal running,frame,E-CAD,assembly-role assumption,external review open,Support/fastener/dial structure at rest in normal running; fitting and conditional compliance need review where relevant.,https://www.marcolangwatches.com/cad/ml01-zweigesicht-2/,f34148903818c273e20deeb0e70d3dc7782e08a413bc0e420f30d8c209aa4a2b
p_0_1_1_1__0_1_1_1_1__0_1_1_2_9,0:1:1:1/0:1:1:1:1/0:1:1:2:9,5,Applik Punkt 80,leaf,fixed,normal running,frame,E-CAD,assembly-role assumption,external review open,Support/fastener/dial structure at rest in normal running; fitting and conditional compliance need review where relevant.,https://www.marcolangwatches.com/cad/ml01-zweigesicht-2/,f34148903818c273e20deeb0e70d3dc7782e08a413bc0e420f30d8c209aa4a2b
p_0_1_1_1__0_1_1_1_1__0_1_1_2_10,0:1:1:1/0:1:1:1:1/0:1:1:2:10,5,Applik Punkt 80,leaf,fixed,normal running,frame,E-CAD,assembly-role assumption,external review open,Support/fastener/dial structure at rest in normal running; fitting and conditional compliance need review where relevant.,https://www.marcolangwatches.com/cad/ml01-zweigesicht-2/,f34148903818c273e20deeb0e70d3dc7782e08a413bc0e420f30d8c209aa4a2b
p_0_1_1_1__0_1_1_1_1__0_1_1_2_11,0:1:1:1/0:1:1:1:1/0:1:1:2:11,9,010-linsenk s60x105 k90x25,leaf,fixed,normal running,frame,E-CAD,assembly-role assumption,external review open,Support/fastener/dial structure at rest in normal running; fitting and conditional compliance need review where relevant.,https://www.marcolangwatches.com/cad/ml01-zweigesicht-2/,f34148903818c273e20deeb0e70d3dc7782e08a413bc0e420f30d8c209aa4a2b
p_0_1_1_1__0_1_1_1_1__0_1_1_2_12,0:1:1:1/0:1:1:1:1/0:1:1:2:12,5,Applik Punkt 80,leaf,fixed,normal running,frame,E-CAD,assembly-role assumption,external review open,Support/fastener/dial structure at rest in normal running; fitting and conditional compliance need review where relevant.,https://www.marcolangwatches.com/cad/ml01-zweigesicht-2/,f34148903818c273e20deeb0e70d3dc7782e08a413bc0e420f30d8c209aa4a2b
p_0_1_1_1__0_1_1_1_1__0_1_1_2_13,0:1:1:1/0:1:1:1:1/0:1:1:2:13,5,Applik Punkt 80,leaf,fixed,normal running,frame,E-CAD,assembly-role assumption,external review open,Support/fastener/dial structure at rest in normal running; fitting and conditional compliance need review where relevant.,https://www.marcolangwatches.com/cad/ml01-zweigesicht-2/,f34148903818c273e20deeb0e70d3dc7782e08a413bc0e420f30d8c209aa4a2b
p_0_1_1_1__0_1_1_1_1__0_1_1_2_14,0:1:1:1/0:1:1:1:1/0:1:1:2:14,5,Applik Punkt 80,leaf,fixed,normal running,frame,E-CAD,assembly-role assumption,external review open,Support/fastener/dial structure at rest in normal running; fitting and conditional compliance need review where relevant.,https://www.marcolangwatches.com/cad/ml01-zweigesicht-2/,f34148903818c273e20deeb0e70d3dc7782e08a413bc0e420f30d8c209aa4a2b
p_0_1_1_1__0_1_1_1_1__0_1_1_2_15,0:1:1:1/0:1:1:1:1/0:1:1:2:15,5,Applik Punkt 80,leaf,fixed,normal running,frame,E-CAD,assembly-role assumption,external review open,Support/fastener/dial structure at rest in normal running; fitting and conditional compliance need review where relevant.,https://www.marcolangwatches.com/cad/ml01-zweigesicht-2/,f34148903818c273e20deeb0e70d3dc7782e08a413bc0e420f30d8c209aa4a2b
p_0_1_1_1__0_1_1_1_1__0_1_1_2_16,0:1:1:1/0:1:1:1:1/0:1:1:2:16,10,"St_Zeiger 5,0 Lanze verpresst",assembly,unresolved,aggregate; classify descendants individually,unassigned,U-COVERAGE,unresolved,external review open,Source hierarchy contains mixed or unproven motion; never rotate this assembly wholesale.,https://www.marcolangwatches.com/cad/ml01-zweigesicht-2/,f34148903818c273e20deeb0e70d3dc7782e08a413bc0e420f30d8c209aa4a2b
p_0_1_1_1__0_1_1_1_1__0_1_1_2_16__0_1_1_10_1,0:1:1:1/0:1:1:1:1/0:1:1:2:16/0:1:1:10:1,11,"St_Zeiger 5,0 Lanze",leaf,continuously-driven,"normal running, when fitted",small-hour,E-HANDS,"fit-verified, drive-assumed",external review open,Reviewed blade/support pairing; upstream motion works unresolved (U-DISPLAY).,https://www.marcolangwatches.com/cad/ml01-zweigesicht-2/,f34148903818c273e20deeb0e70d3dc7782e08a413bc0e420f30d8c209aa4a2b
p_0_1_1_1__0_1_1_1_1__0_1_1_2_16__0_1_1_10_2,0:1:1:1/0:1:1:1:1/0:1:1:2:16/0:1:1:10:2,12,Zeigerbuchse_67x135x91,leaf,continuously-driven,"normal running, when fitted",small-hour,E-HANDS,"fit-verified, drive-assumed",external review open,Reviewed blade/support pairing; upstream motion works unresolved (U-DISPLAY).,https://www.marcolangwatches.com/cad/ml01-zweigesicht-2/,f34148903818c273e20deeb0e70d3dc7782e08a413bc0e420f30d8c209aa4a2b
p_0_1_1_1__0_1_1_1_1__0_1_1_2_17,0:1:1:1/0:1:1:1:1/0:1:1:2:17,9,010-linsenk s60x105 k90x25,leaf,fixed,normal running,frame,E-CAD,assembly-role assumption,external review open,Support/fastener/dial structure at rest in normal running; fitting and conditional compliance need review where relevant.,https://www.marcolangwatches.com/cad/ml01-zweigesicht-2/,f34148903818c273e20deeb0e70d3dc7782e08a413bc0e420f30d8c209aa4a2b
p_0_1_1_1__0_1_1_1_1__0_1_1_2_18,0:1:1:1/0:1:1:1:1/0:1:1:2:18,13,"St_Zeiger 5,0 Lanze massiver",leaf,unresolved,normal running,unassigned,U-COVERAGE,unresolved,external review open,Loose/unselected hand variant: raw pose only; no fitted driver approved (U-VARIANTS).,https://www.marcolangwatches.com/cad/ml01-zweigesicht-2/,f34148903818c273e20deeb0e70d3dc7782e08a413bc0e420f30d8c209aa4a2b
p_0_1_1_1__0_1_1_1_1__0_1_1_2_19,0:1:1:1/0:1:1:1:1/0:1:1:2:19,14,ZB Ring 18 4segmentig,leaf,fixed,normal running,frame,E-CAD,assembly-role assumption,external review open,Support/fastener/dial structure at rest in normal running; fitting and conditional compliance need review where relevant.,https://www.marcolangwatches.com/cad/ml01-zweigesicht-2/,f34148903818c273e20deeb0e70d3dc7782e08a413bc0e420f30d8c209aa4a2b
p_0_1_1_1__0_1_1_1_1__0_1_1_2_20,0:1:1:1/0:1:1:1:1/0:1:1:2:20,15,"Min_Zeiger 8,0 Lanze verpresst gold massiver",assembly,unresolved,aggregate; classify descendants individually,unassigned,U-COVERAGE,unresolved,external review open,Source hierarchy contains mixed or unproven motion; never rotate this assembly wholesale.,https://www.marcolangwatches.com/cad/ml01-zweigesicht-2/,f34148903818c273e20deeb0e70d3dc7782e08a413bc0e420f30d8c209aa4a2b
p_0_1_1_1__0_1_1_1_1__0_1_1_2_20__0_1_1_15_1,0:1:1:1/0:1:1:1:1/0:1:1:2:20/0:1:1:15:1,16,"Min_Zeiger 8,5 Lanze massiver",leaf,continuously-driven,"normal running, when fitted",small-minute,E-HANDS,"fit-verified, drive-assumed",external review open,Reviewed blade/support pairing; upstream motion works unresolved (U-DISPLAY).,https://www.marcolangwatches.com/cad/ml01-zweigesicht-2/,f34148903818c273e20deeb0e70d3dc7782e08a413bc0e420f30d8c209aa4a2b
p_0_1_1_1__0_1_1_1_1__0_1_1_2_20__0_1_1_15_2,0:1:1:1/0:1:1:1:1/0:1:1:2:20/0:1:1:15:2,8,Zeigerbuchse_28x100x70,leaf,continuously-driven,"normal running, when fitted",small-minute,E-HANDS,"fit-verified, drive-assumed",external review open,Reviewed blade/support pairing; upstream motion works unresolved (U-DISPLAY).,https://www.marcolangwatches.com/cad/ml01-zweigesicht-2/,f34148903818c273e20deeb0e70d3dc7782e08a413bc0e420f30d8c209aa4a2b
p_0_1_1_1__0_1_1_1_1__0_1_1_2_21,0:1:1:1/0:1:1:1:1/0:1:1:2:21,17,ZB Ring 18 gerade Schenkel,leaf,fixed,normal running,frame,E-CAD,assembly-role assumption,external review open,Support/fastener/dial structure at rest in normal running; fitting and conditional compliance need review where relevant.,https://www.marcolangwatches.com/cad/ml01-zweigesicht-2/,f34148903818c273e20deeb0e70d3dc7782e08a413bc0e420f30d8c209aa4a2b
p_0_1_1_1__0_1_1_1_1__0_1_1_2_22,0:1:1:1/0:1:1:1:1/0:1:1:2:22,9,010-linsenk s60x105 k90x25,leaf,fixed,normal running,frame,E-CAD,assembly-role assumption,external review open,Support/fastener/dial structure at rest in normal running; fitting and conditional compliance need review where relevant.,https://www.marcolangwatches.com/cad/ml01-zweigesicht-2/,f34148903818c273e20deeb0e70d3dc7782e08a413bc0e420f30d8c209aa4a2b
p_0_1_1_1__0_1_1_1_1__0_1_1_2_23,0:1:1:1/0:1:1:1:1/0:1:1:2:23,18,"St_Zeiger 5,0 Birne",leaf,continuously-driven,"normal running, when fitted",small-hour,E-HANDS,"fit-verified, drive-assumed",external review open,Reviewed blade/support pairing; upstream motion works unresolved (U-DISPLAY).,https://www.marcolangwatches.com/cad/ml01-zweigesicht-2/,f34148903818c273e20deeb0e70d3dc7782e08a413bc0e420f30d8c209aa4a2b
p_0_1_1_1__0_1_1_1_1__0_1_1_2_24,0:1:1:1/0:1:1:1:1/0:1:1:2:24,19,"Min_Zeiger 8,5 Birne",leaf,continuously-driven,"normal running, when fitted",small-minute,E-HANDS,"fit-verified, drive-assumed",external review open,Reviewed blade/support pairing; upstream motion works unresolved (U-DISPLAY).,https://www.marcolangwatches.com/cad/ml01-zweigesicht-2/,f34148903818c273e20deeb0e70d3dc7782e08a413bc0e420f30d8c209aa4a2b
p_0_1_1_1__0_1_1_1_1__0_1_1_2_25,0:1:1:1/0:1:1:1:1/0:1:1:2:25,16,"Min_Zeiger 8,5 Lanze massiver",leaf,unresolved,normal running,unassigned,U-COVERAGE,unresolved,external review open,Loose/unselected hand variant: raw pose only; no fitted driver approved (U-VARIANTS).,https://www.marcolangwatches.com/cad/ml01-zweigesicht-2/,f34148903818c273e20deeb0e70d3dc7782e08a413bc0e420f30d8c209aa4a2b
p_0_1_1_1__0_1_1_1_1__0_1_1_2_26,0:1:1:1/0:1:1:1:1/0:1:1:2:26,20,"St_Zeiger 5,0 Lanze verpresst gold massiver",assembly,unresolved,aggregate; classify descendants individually,unassigned,U-COVERAGE,unresolved,external review open,Source hierarchy contains mixed or unproven motion; never rotate this assembly wholesale.,https://www.marcolangwatches.com/cad/ml01-zweigesicht-2/,f34148903818c273e20deeb0e70d3dc7782e08a413bc0e420f30d8c209aa4a2b
p_0_1_1_1__0_1_1_1_1__0_1_1_2_26__0_1_1_20_1,0:1:1:1/0:1:1:1:1/0:1:1:2:26/0:1:1:20:1,13,"St_Zeiger 5,0 Lanze massiver",leaf,continuously-driven,"normal running, when fitted",small-hour,E-HANDS,"fit-verified, drive-assumed",external review open,Reviewed blade/support pairing; upstream motion works unresolved (U-DISPLAY).,https://www.marcolangwatches.com/cad/ml01-zweigesicht-2/,f34148903818c273e20deeb0e70d3dc7782e08a413bc0e420f30d8c209aa4a2b
p_0_1_1_1__0_1_1_1_1__0_1_1_2_26__0_1_1_20_2,0:1:1:1/0:1:1:1:1/0:1:1:2:26/0:1:1:20:2,12,Zeigerbuchse_67x135x91,leaf,continuously-driven,"normal running, when fitted",small-hour,E-HANDS,"fit-verified, drive-assumed",external review open,Reviewed blade/support pairing; upstream motion works unresolved (U-DISPLAY).,https://www.marcolangwatches.com/cad/ml01-zweigesicht-2/,f34148903818c273e20deeb0e70d3dc7782e08a413bc0e420f30d8c209aa4a2b
p_0_1_1_1__0_1_1_1_1__0_1_1_2_27,0:1:1:1/0:1:1:1:1/0:1:1:2:27,5,Applik Punkt 80,leaf,fixed,normal running,frame,E-CAD,assembly-role assumption,external review open,Support/fastener/dial structure at rest in normal running; fitting and conditional compliance need review where relevant.,https://www.marcolangwatches.com/cad/ml01-zweigesicht-2/,f34148903818c273e20deeb0e70d3dc7782e08a413bc0e420f30d8c209aa4a2b
p_0_1_1_1__0_1_1_1_1__0_1_1_2_28,0:1:1:1/0:1:1:1:1/0:1:1:2:28,21,ZB Ring 18 Emaille rot 4segmentig,leaf,fixed,normal running,frame,E-CAD,assembly-role assumption,external review open,Support/fastener/dial structure at rest in normal running; fitting and conditional compliance need review where relevant.,https://www.marcolangwatches.com/cad/ml01-zweigesicht-2/,f34148903818c273e20deeb0e70d3dc7782e08a413bc0e420f30d8c209aa4a2b
p_0_1_1_1__0_1_1_1_2,0:1:1:1/0:1:1:1:2,22,"ml01 Zifferblatt Front DM33,4 montiert",assembly,unresolved,aggregate; classify descendants individually,unassigned,U-COVERAGE,unresolved,external review open,Source hierarchy contains mixed or unproven motion; never rotate this assembly wholesale.,https://www.marcolangwatches.com/cad/ml01-zweigesicht-2/,f34148903818c273e20deeb0e70d3dc7782e08a413bc0e420f30d8c209aa4a2b
p_0_1_1_1__0_1_1_1_2__0_1_1_22_1,0:1:1:1/0:1:1:1:2/0:1:1:22:1,23,ml01 ZB Übergangsring,leaf,fixed,normal running,frame,E-CAD,assembly-role assumption,external review open,Support/fastener/dial structure at rest in normal running; fitting and conditional compliance need review where relevant.,https://www.marcolangwatches.com/cad/ml01-zweigesicht-2/,f34148903818c273e20deeb0e70d3dc7782e08a413bc0e420f30d8c209aa4a2b
p_0_1_1_1__0_1_1_1_2__0_1_1_22_2,0:1:1:1/0:1:1:1:2/0:1:1:22:2,24,"Min_Zeiger 14,7 Faden",leaf,continuously-driven,"normal running, when fitted",central-minute,E-HANDS,"fit-verified, drive-assumed",external review open,Reviewed blade/support pairing; upstream motion works unresolved (U-DISPLAY).,https://www.marcolangwatches.com/cad/ml01-zweigesicht-2/,f34148903818c273e20deeb0e70d3dc7782e08a413bc0e420f30d8c209aa4a2b
p_0_1_1_1__0_1_1_1_2__0_1_1_22_3,0:1:1:1/0:1:1:1:2/0:1:1:22:3,25,ml01 5min Index,leaf,fixed,normal running,frame,E-CAD,assembly-role assumption,external review open,Support/fastener/dial structure at rest in normal running; fitting and conditional compliance need review where relevant.,https://www.marcolangwatches.com/cad/ml01-zweigesicht-2/,f34148903818c273e20deeb0e70d3dc7782e08a413bc0e420f30d8c209aa4a2b
p_0_1_1_1__0_1_1_1_2__0_1_1_22_4,0:1:1:1/0:1:1:1:2/0:1:1:22:4,26,ml01 ZB Außenring V2,leaf,fixed,normal running,frame,E-CAD,assembly-role assumption,external review open,Support/fastener/dial structure at rest in normal running; fitting and conditional compliance need review where relevant.,https://www.marcolangwatches.com/cad/ml01-zweigesicht-2/,f34148903818c273e20deeb0e70d3dc7782e08a413bc0e420f30d8c209aa4a2b
p_0_1_1_1__0_1_1_1_2__0_1_1_22_5,0:1:1:1/0:1:1:1:2/0:1:1:22:5,27,ml01 ZB Innenteil V2,leaf,fixed,normal running,frame,E-CAD,assembly-role assumption,external review open,Support/fastener/dial structure at rest in normal running; fitting and conditional compliance need review where relevant.,https://www.marcolangwatches.com/cad/ml01-zweigesicht-2/,f34148903818c273e20deeb0e70d3dc7782e08a413bc0e420f30d8c209aa4a2b
p_0_1_1_1__0_1_1_1_2__0_1_1_22_6,0:1:1:1/0:1:1:1:2/0:1:1:22:6,28,"St_Zeiger 8,8 Faden",leaf,continuously-driven,"normal running, when fitted",central-hour,E-HANDS,"fit-verified, drive-assumed",external review open,Reviewed blade/support pairing; upstream motion works unresolved (U-DISPLAY).,https://www.marcolangwatches.com/cad/ml01-zweigesicht-2/,f34148903818c273e20deeb0e70d3dc7782e08a413bc0e420f30d8c209aa4a2b
p_0_1_1_1__0_1_1_1_2__0_1_1_22_7,0:1:1:1/0:1:1:1:2/0:1:1:22:7,25,ml01 5min Index,leaf,fixed,normal running,frame,E-CAD,assembly-role assumption,external review open,Support/fastener/dial structure at rest in normal running; fitting and conditional compliance need review where relevant.,https://www.marcolangwatches.com/cad/ml01-zweigesicht-2/,f34148903818c273e20deeb0e70d3dc7782e08a413bc0e420f30d8c209aa4a2b
p_0_1_1_1__0_1_1_1_2__0_1_1_22_8,0:1:1:1/0:1:1:1:2/0:1:1:22:8,25,ml01 5min Index,leaf,fixed,normal running,frame,E-CAD,assembly-role assumption,external review open,Support/fastener/dial structure at rest in normal running; fitting and conditional compliance need review where relevant.,https://www.marcolangwatches.com/cad/ml01-zweigesicht-2/,f34148903818c273e20deeb0e70d3dc7782e08a413bc0e420f30d8c209aa4a2b
p_0_1_1_1__0_1_1_1_2__0_1_1_22_9,0:1:1:1/0:1:1:1:2/0:1:1:22:9,29,"Sek_Zeiger 15,6 Lanze",leaf,continuously-driven,"normal running, when fitted",central-seconds,E-HANDS,"fit-verified, drive-assumed",external review open,Reviewed blade/support pairing; upstream motion works unresolved (U-DISPLAY).,https://www.marcolangwatches.com/cad/ml01-zweigesicht-2/,f34148903818c273e20deeb0e70d3dc7782e08a413bc0e420f30d8c209aa4a2b
p_0_1_1_1__0_1_1_1_2__0_1_1_22_10,0:1:1:1/0:1:1:1:2/0:1:1:22:10,30,"Sek_Zeiger 15,6 Faden",leaf,continuously-driven,"normal running, when fitted",central-seconds,E-HANDS,"fit-verified, drive-assumed",external review open,Reviewed blade/support pairing; upstream motion works unresolved (U-DISPLAY).,https://www.marcolangwatches.com/cad/ml01-zweigesicht-2/,f34148903818c273e20deeb0e70d3dc7782e08a413bc0e420f30d8c209aa4a2b
p_0_1_1_1__0_1_1_1_2__0_1_1_22_11,0:1:1:1/0:1:1:1:2/0:1:1:22:11,25,ml01 5min Index,leaf,fixed,normal running,frame,E-CAD,assembly-role assumption,external review open,Support/fastener/dial structure at rest in normal running; fitting and conditional compliance need review where relevant.,https://www.marcolangwatches.com/cad/ml01-zweigesicht-2/,f34148903818c273e20deeb0e70d3dc7782e08a413bc0e420f30d8c209aa4a2b
p_0_1_1_1__0_1_1_1_2__0_1_1_22_12,0:1:1:1/0:1:1:1:2/0:1:1:22:12,25,ml01 5min Index,leaf,fixed,normal running,frame,E-CAD,assembly-role assumption,external review open,Support/fastener/dial structure at rest in normal running; fitting and conditional compliance need review where relevant.,https://www.marcolangwatches.com/cad/ml01-zweigesicht-2/,f34148903818c273e20deeb0e70d3dc7782e08a413bc0e420f30d8c209aa4a2b
p_0_1_1_1__0_1_1_1_2__0_1_1_22_13,0:1:1:1/0:1:1:1:2/0:1:1:22:13,25,ml01 5min Index,leaf,fixed,normal running,frame,E-CAD,assembly-role assumption,external review open,Support/fastener/dial structure at rest in normal running; fitting and conditional compliance need review where relevant.,https://www.marcolangwatches.com/cad/ml01-zweigesicht-2/,f34148903818c273e20deeb0e70d3dc7782e08a413bc0e420f30d8c209aa4a2b
p_0_1_1_1__0_1_1_1_2__0_1_1_22_14,0:1:1:1/0:1:1:1:2/0:1:1:22:14,31,"St_Zeiger 8,8 Lanze",leaf,continuously-driven,"normal running, when fitted",central-hour,E-HANDS,"fit-verified, drive-assumed",external review open,Reviewed blade/support pairing; upstream motion works unresolved (U-DISPLAY).,https://www.marcolangwatches.com/cad/ml01-zweigesicht-2/,f34148903818c273e20deeb0e70d3dc7782e08a413bc0e420f30d8c209aa4a2b
p_0_1_1_1__0_1_1_1_2__0_1_1_22_15,0:1:1:1/0:1:1:1:2/0:1:1:22:15,25,ml01 5min Index,leaf,fixed,normal running,frame,E-CAD,assembly-role assumption,external review open,Support/fastener/dial structure at rest in normal running; fitting and conditional compliance need review where relevant.,https://www.marcolangwatches.com/cad/ml01-zweigesicht-2/,f34148903818c273e20deeb0e70d3dc7782e08a413bc0e420f30d8c209aa4a2b
p_0_1_1_1__0_1_1_1_2__0_1_1_22_16,0:1:1:1/0:1:1:1:2/0:1:1:22:16,25,ml01 5min Index,leaf,fixed,normal running,frame,E-CAD,assembly-role assumption,external review open,Support/fastener/dial structure at rest in normal running; fitting and conditional compliance need review where relevant.,https://www.marcolangwatches.com/cad/ml01-zweigesicht-2/,f34148903818c273e20deeb0e70d3dc7782e08a413bc0e420f30d8c209aa4a2b
p_0_1_1_1__0_1_1_1_2__0_1_1_22_17,0:1:1:1/0:1:1:1:2/0:1:1:22:17,25,ml01 5min Index,leaf,fixed,normal running,frame,E-CAD,assembly-role assumption,external review open,Support/fastener/dial structure at rest in normal running; fitting and conditional compliance need review where relevant.,https://www.marcolangwatches.com/cad/ml01-zweigesicht-2/,f34148903818c273e20deeb0e70d3dc7782e08a413bc0e420f30d8c209aa4a2b
p_0_1_1_1__0_1_1_1_2__0_1_1_22_18,0:1:1:1/0:1:1:1:2/0:1:1:22:18,32,"Min_Zeiger 14,8 Lanze",leaf,continuously-driven,"normal running, when fitted",central-minute,E-HANDS,"fit-verified, drive-assumed",external review open,Reviewed blade/support pairing; upstream motion works unresolved (U-DISPLAY).,https://www.marcolangwatches.com/cad/ml01-zweigesicht-2/,f34148903818c273e20deeb0e70d3dc7782e08a413bc0e420f30d8c209aa4a2b
p_0_1_1_1__0_1_1_1_2__0_1_1_22_19,0:1:1:1/0:1:1:1:2/0:1:1:22:19,25,ml01 5min Index,leaf,fixed,normal running,frame,E-CAD,assembly-role assumption,external review open,Support/fastener/dial structure at rest in normal running; fitting and conditional compliance need review where relevant.,https://www.marcolangwatches.com/cad/ml01-zweigesicht-2/,f34148903818c273e20deeb0e70d3dc7782e08a413bc0e420f30d8c209aa4a2b
p_0_1_1_1__0_1_1_1_2__0_1_1_22_20,0:1:1:1/0:1:1:1:2/0:1:1:22:20,25,ml01 5min Index,leaf,fixed,normal running,frame,E-CAD,assembly-role assumption,external review open,Support/fastener/dial structure at rest in normal running; fitting and conditional compliance need review where relevant.,https://www.marcolangwatches.com/cad/ml01-zweigesicht-2/,f34148903818c273e20deeb0e70d3dc7782e08a413bc0e420f30d8c209aa4a2b
p_0_1_1_1__0_1_1_1_2__0_1_1_22_21,0:1:1:1/0:1:1:1:2/0:1:1:22:21,25,ml01 5min Index,leaf,fixed,normal running,frame,E-CAD,assembly-role assumption,external review open,Support/fastener/dial structure at rest in normal running; fitting and conditional compliance need review where relevant.,https://www.marcolangwatches.com/cad/ml01-zweigesicht-2/,f34148903818c273e20deeb0e70d3dc7782e08a413bc0e420f30d8c209aa4a2b
p_0_1_1_1__0_1_1_1_2__0_1_1_22_22,0:1:1:1/0:1:1:1:2/0:1:1:22:22,33,"St_Zeiger 9,0 Lanze offen verpresst",assembly,unresolved,aggregate; classify descendants individually,unassigned,U-COVERAGE,unresolved,external review open,Source hierarchy contains mixed or unproven motion; never rotate this assembly wholesale.,https://www.marcolangwatches.com/cad/ml01-zweigesicht-2/,f34148903818c273e20deeb0e70d3dc7782e08a413bc0e420f30d8c209aa4a2b
p_0_1_1_1__0_1_1_1_2__0_1_1_22_22__0_1_1_33_1,0:1:1:1/0:1:1:1:2/0:1:1:22:22/0:1:1:33:1,34,Zeigerbuchse_150x240x182,leaf,continuously-driven,"normal running, when fitted",central-hour,E-HANDS,"fit-verified, drive-assumed",external review open,Reviewed blade/support pairing; upstream motion works unresolved (U-DISPLAY).,https://www.marcolangwatches.com/cad/ml01-zweigesicht-2/,f34148903818c273e20deeb0e70d3dc7782e08a413bc0e420f30d8c209aa4a2b
p_0_1_1_1__0_1_1_1_2__0_1_1_22_22__0_1_1_33_2,0:1:1:1/0:1:1:1:2/0:1:1:22:22/0:1:1:33:2,35,"St_Zeiger 8,8 Lanze offen",leaf,continuously-driven,"normal running, when fitted",central-hour,E-HANDS,"fit-verified, drive-assumed",external review open,Reviewed blade/support pairing; upstream motion works unresolved (U-DISPLAY).,https://www.marcolangwatches.com/cad/ml01-zweigesicht-2/,f34148903818c273e20deeb0e70d3dc7782e08a413bc0e420f30d8c209aa4a2b
p_0_1_1_1__0_1_1_1_2__0_1_1_22_23,0:1:1:1/0:1:1:1:2/0:1:1:22:23,36,ml Logo,leaf,fixed,normal running,frame,E-CAD,assembly-role assumption,external review open,Support/fastener/dial structure at rest in normal running; fitting and conditional compliance need review where relevant.,https://www.marcolangwatches.com/cad/ml01-zweigesicht-2/,f34148903818c273e20deeb0e70d3dc7782e08a413bc0e420f30d8c209aa4a2b
p_0_1_1_1__0_1_1_1_2__0_1_1_22_24,0:1:1:1/0:1:1:1:2/0:1:1:22:24,37,"Min_Zeiger 14,7 Lanze offen verpresst",assembly,unresolved,aggregate; classify descendants individually,unassigned,U-COVERAGE,unresolved,external review open,Source hierarchy contains mixed or unproven motion; never rotate this assembly wholesale.,https://www.marcolangwatches.com/cad/ml01-zweigesicht-2/,f34148903818c273e20deeb0e70d3dc7782e08a413bc0e420f30d8c209aa4a2b
p_0_1_1_1__0_1_1_1_2__0_1_1_22_24__0_1_1_37_1,0:1:1:1/0:1:1:1:2/0:1:1:22:24/0:1:1:37:1,38,Zeigerbuchse_80x182x140,leaf,continuously-driven,"normal running, when fitted",central-minute,E-HANDS,"fit-verified, drive-assumed",external review open,Reviewed blade/support pairing; upstream motion works unresolved (U-DISPLAY).,https://www.marcolangwatches.com/cad/ml01-zweigesicht-2/,f34148903818c273e20deeb0e70d3dc7782e08a413bc0e420f30d8c209aa4a2b
p_0_1_1_1__0_1_1_1_2__0_1_1_22_24__0_1_1_37_2,0:1:1:1/0:1:1:1:2/0:1:1:22:24/0:1:1:37:2,39,"Min_Zeiger 14,7 Lanze offen",leaf,continuously-driven,"normal running, when fitted",central-minute,E-HANDS,"fit-verified, drive-assumed",external review open,Reviewed blade/support pairing; upstream motion works unresolved (U-DISPLAY).,https://www.marcolangwatches.com/cad/ml01-zweigesicht-2/,f34148903818c273e20deeb0e70d3dc7782e08a413bc0e420f30d8c209aa4a2b
p_0_1_1_1__0_1_1_1_2__0_1_1_22_25,0:1:1:1/0:1:1:1:2/0:1:1:22:25,40,"Sek_Zeiger 15,6 Lanze offen verpresst",assembly,unresolved,aggregate; classify descendants individually,unassigned,U-COVERAGE,unresolved,external review open,Source hierarchy contains mixed or unproven motion; never rotate this assembly wholesale.,https://www.marcolangwatches.com/cad/ml01-zweigesicht-2/,f34148903818c273e20deeb0e70d3dc7782e08a413bc0e420f30d8c209aa4a2b
p_0_1_1_1__0_1_1_1_2__0_1_1_22_25__0_1_1_40_1,0:1:1:1/0:1:1:1:2/0:1:1:22:25/0:1:1:40:1,41,Zeigerbuchse_27x150x100,leaf,continuously-driven,"normal running, when fitted",central-seconds,E-HANDS,"fit-verified, drive-assumed",external review open,Reviewed blade/support pairing; upstream motion works unresolved (U-DISPLAY).,https://www.marcolangwatches.com/cad/ml01-zweigesicht-2/,f34148903818c273e20deeb0e70d3dc7782e08a413bc0e420f30d8c209aa4a2b
p_0_1_1_1__0_1_1_1_2__0_1_1_22_25__0_1_1_40_2,0:1:1:1/0:1:1:1:2/0:1:1:22:25/0:1:1:40:2,42,"Sek_Zeiger 15,6 Lanze offen",leaf,continuously-driven,"normal running, when fitted",central-seconds,E-HANDS,"fit-verified, drive-assumed",external review open,Reviewed blade/support pairing; upstream motion works unresolved (U-DISPLAY).,https://www.marcolangwatches.com/cad/ml01-zweigesicht-2/,f34148903818c273e20deeb0e70d3dc7782e08a413bc0e420f30d8c209aa4a2b
p_0_1_1_1__0_1_1_1_3,0:1:1:1/0:1:1:1:3,43,ml01 Gehäuse SS montiert,assembly,unresolved,aggregate; classify descendants individually,unassigned,U-COVERAGE,unresolved,external review open,Source hierarchy contains mixed or unproven motion; never rotate this assembly wholesale.,https://www.marcolangwatches.com/cad/ml01-zweigesicht-2/,f34148903818c273e20deeb0e70d3dc7782e08a413bc0e420f30d8c209aa4a2b
p_0_1_1_1__0_1_1_1_3__0_1_1_43_1,0:1:1:1/0:1:1:1:3/0:1:1:43:1,44,"Dring ID36 f0,6",leaf,fixed,normal-running reference; wearing/opening excluded,case-context,E-CAD,scope assumption,external review open,Case/strap accessory outside running chain; actual articulation or leather deformation is outside normal-running scope.,https://www.marcolangwatches.com/cad/ml01-zweigesicht-2/,f34148903818c273e20deeb0e70d3dc7782e08a413bc0e420f30d8c209aa4a2b
p_0_1_1_1__0_1_1_1_3__0_1_1_43_2,0:1:1:1/0:1:1:1:3/0:1:1:43:2,45,ml01 Krone SS montiert,assembly,conditionally-driven,winding / setting / explicit correction; normal-running coupling unresolved for 97/172,unassigned,E-CAD,name/assembly assumption,external review open,Conditional input mechanism; determine mode and any back-drive before X1 (U-MODES).,https://www.marcolangwatches.com/cad/ml01-zweigesicht-2/,f34148903818c273e20deeb0e70d3dc7782e08a413bc0e420f30d8c209aa4a2b
p_0_1_1_1__0_1_1_1_3__0_1_1_43_2__0_1_1_45_1,0:1:1:1/0:1:1:1:3/0:1:1:43:2/0:1:1:45:1,46,ml01 Krone SS,leaf,conditionally-driven,winding / setting / explicit correction; normal-running coupling unresolved for 97/172,unassigned,E-CAD,name/assembly assumption,external review open,Conditional input mechanism; determine mode and any back-drive before X1 (U-MODES).,https://www.marcolangwatches.com/cad/ml01-zweigesicht-2/,f34148903818c273e20deeb0e70d3dc7782e08a413bc0e420f30d8c209aa4a2b
p_0_1_1_1__0_1_1_1_3__0_1_1_43_2__0_1_1_45_2,0:1:1:1/0:1:1:1:3/0:1:1:43:2/0:1:1:45:2,47,"Dring AD3,5 f0,65",leaf,conditionally-driven,winding / setting / explicit correction; normal-running coupling unresolved for 97/172,unassigned,E-CAD,name/assembly assumption,external review open,Conditional input mechanism; determine mode and any back-drive before X1 (U-MODES).,https://www.marcolangwatches.com/cad/ml01-zweigesicht-2/,f34148903818c273e20deeb0e70d3dc7782e08a413bc0e420f30d8c209aa4a2b
p_0_1_1_1__0_1_1_1_3__0_1_1_43_2__0_1_1_45_3,0:1:1:1/0:1:1:1:3/0:1:1:43:2/0:1:1:45:3,47,"Dring AD3,5 f0,65",leaf,conditionally-driven,winding / setting / explicit correction; normal-running coupling unresolved for 97/172,unassigned,E-CAD,name/assembly assumption,external review open,Conditional input mechanism; determine mode and any back-drive before X1 (U-MODES).,https://www.marcolangwatches.com/cad/ml01-zweigesicht-2/,f34148903818c273e20deeb0e70d3dc7782e08a413bc0e420f30d8c209aa4a2b
p_0_1_1_1__0_1_1_1_3__0_1_1_43_2__0_1_1_45_4,0:1:1:1/0:1:1:1:3/0:1:1:43:2/0:1:1:45:4,48,ml01 Krone Abdeckring,leaf,conditionally-driven,winding / setting / explicit correction; normal-running coupling unresolved for 97/172,unassigned,E-CAD,name/assembly assumption,external review open,Conditional input mechanism; determine mode and any back-drive before X1 (U-MODES).,https://www.marcolangwatches.com/cad/ml01-zweigesicht-2/,f34148903818c273e20deeb0e70d3dc7782e08a413bc0e420f30d8c209aa4a2b
p_0_1_1_1__0_1_1_1_3__0_1_1_43_3,0:1:1:1/0:1:1:1:3/0:1:1:43:3,44,"Dring ID36 f0,6",leaf,fixed,normal-running reference; wearing/opening excluded,case-context,E-CAD,scope assumption,external review open,Case/strap accessory outside running chain; actual articulation or leather deformation is outside normal-running scope.,https://www.marcolangwatches.com/cad/ml01-zweigesicht-2/,f34148903818c273e20deeb0e70d3dc7782e08a413bc0e420f30d8c209aa4a2b
p_0_1_1_1__0_1_1_1_3__0_1_1_43_4,0:1:1:1/0:1:1:1:3/0:1:1:43:4,49,Band Schliessenseite M alle Farben,assembly,unresolved,aggregate; classify descendants individually,unassigned,U-COVERAGE,unresolved,external review open,Source hierarchy contains mixed or unproven motion; never rotate this assembly wholesale.,https://www.marcolangwatches.com/cad/ml01-zweigesicht-2/,f34148903818c273e20deeb0e70d3dc7782e08a413bc0e420f30d8c209aa4a2b
p_0_1_1_1__0_1_1_1_3__0_1_1_43_4__0_1_1_49_1,0:1:1:1/0:1:1:1:3/0:1:1:43:4/0:1:1:49:1,50,Lederband 18mm M mittelbraun Schl.Seite,leaf,fixed,normal-running reference; wearing/opening excluded,case-context,E-CAD,scope assumption,external review open,Case/strap accessory outside running chain; actual articulation or leather deformation is outside normal-running scope.,https://www.marcolangwatches.com/cad/ml01-zweigesicht-2/,f34148903818c273e20deeb0e70d3dc7782e08a413bc0e420f30d8c209aa4a2b
p_0_1_1_1__0_1_1_1_3__0_1_1_43_4__0_1_1_49_2,0:1:1:1/0:1:1:1:3/0:1:1:43:4/0:1:1:49:2,51,ml01 Hörnchenbügel SS montiert,assembly,unresolved,aggregate; classify descendants individually,unassigned,U-COVERAGE,unresolved,external review open,Source hierarchy contains mixed or unproven motion; never rotate this assembly wholesale.,https://www.marcolangwatches.com/cad/ml01-zweigesicht-2/,f34148903818c273e20deeb0e70d3dc7782e08a413bc0e420f30d8c209aa4a2b
p_0_1_1_1__0_1_1_1_3__0_1_1_43_4__0_1_1_49_2__0_1_1_51_1,0:1:1:1/0:1:1:1:3/0:1:1:43:4/0:1:1:49:2/0:1:1:51:1,52,ml01 Hörnchenschlüssel,leaf,fixed,normal-running reference; wearing/opening excluded,case-context,E-CAD,scope assumption,external review open,Case/strap accessory outside running chain; actual articulation or leather deformation is outside normal-running scope.,https://www.marcolangwatches.com/cad/ml01-zweigesicht-2/,f34148903818c273e20deeb0e70d3dc7782e08a413bc0e420f30d8c209aa4a2b
p_0_1_1_1__0_1_1_1_3__0_1_1_43_4__0_1_1_49_2__0_1_1_51_2,0:1:1:1/0:1:1:1:3/0:1:1:43:4/0:1:1:49:2/0:1:1:51:2,52,ml01 Hörnchenschlüssel,leaf,fixed,normal-running reference; wearing/opening excluded,case-context,E-CAD,scope assumption,external review open,Case/strap accessory outside running chain; actual articulation or leather deformation is outside normal-running scope.,https://www.marcolangwatches.com/cad/ml01-zweigesicht-2/,f34148903818c273e20deeb0e70d3dc7782e08a413bc0e420f30d8c209aa4a2b
p_0_1_1_1__0_1_1_1_3__0_1_1_43_4__0_1_1_49_2__0_1_1_51_3,0:1:1:1/0:1:1:1:3/0:1:1:43:4/0:1:1:49:2/0:1:1:51:3,53,010-linzylans s120x180 k230x160 a140x210 ss,leaf,fixed,normal running,frame,E-CAD,assembly-role assumption,external review open,Support/fastener/dial structure at rest in normal running; fitting and conditional compliance need review where relevant.,https://www.marcolangwatches.com/cad/ml01-zweigesicht-2/,f34148903818c273e20deeb0e70d3dc7782e08a413bc0e420f30d8c209aa4a2b
p_0_1_1_1__0_1_1_1_3__0_1_1_43_4__0_1_1_49_2__0_1_1_51_4,0:1:1:1/0:1:1:1:3/0:1:1:43:4/0:1:1:49:2/0:1:1:51:4,53,010-linzylans s120x180 k230x160 a140x210 ss,leaf,fixed,normal running,frame,E-CAD,assembly-role assumption,external review open,Support/fastener/dial structure at rest in normal running; fitting and conditional compliance need review where relevant.,https://www.marcolangwatches.com/cad/ml01-zweigesicht-2/,f34148903818c273e20deeb0e70d3dc7782e08a413bc0e420f30d8c209aa4a2b
p_0_1_1_1__0_1_1_1_3__0_1_1_43_4__0_1_1_49_2__0_1_1_51_5,0:1:1:1/0:1:1:1:3/0:1:1:43:4/0:1:1:49:2/0:1:1:51:5,54,ml01 Hörnchenbügel SS,leaf,fixed,normal-running reference; wearing/opening excluded,case-context,E-CAD,scope assumption,external review open,Case/strap accessory outside running chain; actual articulation or leather deformation is outside normal-running scope.,https://www.marcolangwatches.com/cad/ml01-zweigesicht-2/,f34148903818c273e20deeb0e70d3dc7782e08a413bc0e420f30d8c209aa4a2b
p_0_1_1_1__0_1_1_1_3__0_1_1_43_4__0_1_1_49_2__0_1_1_51_6,0:1:1:1/0:1:1:1:3/0:1:1:43:4/0:1:1:49:2/0:1:1:51:6,55,"Schraubsteg 1,7x17,8",leaf,fixed,normal-running reference; wearing/opening excluded,case-context,E-CAD,scope assumption,external review open,Case/strap accessory outside running chain; actual articulation or leather deformation is outside normal-running scope.,https://www.marcolangwatches.com/cad/ml01-zweigesicht-2/,f34148903818c273e20deeb0e70d3dc7782e08a413bc0e420f30d8c209aa4a2b
p_0_1_1_1__0_1_1_1_3__0_1_1_43_4__0_1_1_49_2__0_1_1_51_7,0:1:1:1/0:1:1:1:3/0:1:1:43:4/0:1:1:49:2/0:1:1:51:7,56,ml01 Hörnchenblende SS,leaf,fixed,normal-running reference; wearing/opening excluded,case-context,E-CAD,scope assumption,external review open,Case/strap accessory outside running chain; actual articulation or leather deformation is outside normal-running scope.,https://www.marcolangwatches.com/cad/ml01-zweigesicht-2/,f34148903818c273e20deeb0e70d3dc7782e08a413bc0e420f30d8c209aa4a2b
p_0_1_1_1__0_1_1_1_3__0_1_1_43_4__0_1_1_49_2__0_1_1_51_8,0:1:1:1/0:1:1:1:3/0:1:1:43:4/0:1:1:49:2/0:1:1:51:8,57,010-linsenk s100x120 k140x50 ss,leaf,fixed,normal running,frame,E-CAD,assembly-role assumption,external review open,Support/fastener/dial structure at rest in normal running; fitting and conditional compliance need review where relevant.,https://www.marcolangwatches.com/cad/ml01-zweigesicht-2/,f34148903818c273e20deeb0e70d3dc7782e08a413bc0e420f30d8c209aa4a2b
p_0_1_1_1__0_1_1_1_3__0_1_1_43_4__0_1_1_49_2__0_1_1_51_9,0:1:1:1/0:1:1:1:3/0:1:1:43:4/0:1:1:49:2/0:1:1:51:9,57,010-linsenk s100x120 k140x50 ss,leaf,fixed,normal running,frame,E-CAD,assembly-role assumption,external review open,Support/fastener/dial structure at rest in normal running; fitting and conditional compliance need review where relevant.,https://www.marcolangwatches.com/cad/ml01-zweigesicht-2/,f34148903818c273e20deeb0e70d3dc7782e08a413bc0e420f30d8c209aa4a2b
p_0_1_1_1__0_1_1_1_3__0_1_1_43_4__0_1_1_49_3,0:1:1:1/0:1:1:1:3/0:1:1:43:4/0:1:1:49:3,58,ml01 Schliesse SS vormontiert,assembly,unresolved,aggregate; classify descendants individually,unassigned,U-COVERAGE,unresolved,external review open,Source hierarchy contains mixed or unproven motion; never rotate this assembly wholesale.,https://www.marcolangwatches.com/cad/ml01-zweigesicht-2/,f34148903818c273e20deeb0e70d3dc7782e08a413bc0e420f30d8c209aa4a2b
p_0_1_1_1__0_1_1_1_3__0_1_1_43_4__0_1_1_49_3__0_1_1_58_1,0:1:1:1/0:1:1:1:3/0:1:1:43:4/0:1:1:49:3/0:1:1:58:1,59,ml01 Schliesse SS 16mm,leaf,fixed,normal-running reference; wearing/opening excluded,case-context,E-CAD,scope assumption,external review open,Case/strap accessory outside running chain; actual articulation or leather deformation is outside normal-running scope.,https://www.marcolangwatches.com/cad/ml01-zweigesicht-2/,f34148903818c273e20deeb0e70d3dc7782e08a413bc0e420f30d8c209aa4a2b
p_0_1_1_1__0_1_1_1_3__0_1_1_43_4__0_1_1_49_3__0_1_1_58_2,0:1:1:1/0:1:1:1:3/0:1:1:43:4/0:1:1:49:3/0:1:1:58:2,60,"Schraubsteg 1,7x15,9",leaf,fixed,normal-running reference; wearing/opening excluded,case-context,E-CAD,scope assumption,external review open,Case/strap accessory outside running chain; actual articulation or leather deformation is outside normal-running scope.,https://www.marcolangwatches.com/cad/ml01-zweigesicht-2/,f34148903818c273e20deeb0e70d3dc7782e08a413bc0e420f30d8c209aa4a2b
p_0_1_1_1__0_1_1_1_3__0_1_1_43_4__0_1_1_49_3__0_1_1_58_3,0:1:1:1/0:1:1:1:3/0:1:1:43:4/0:1:1:49:3/0:1:1:58:3,61,010-linzylans s120x160 k190x90 a140x120,leaf,fixed,normal running,frame,E-CAD,assembly-role assumption,external review open,Support/fastener/dial structure at rest in normal running; fitting and conditional compliance need review where relevant.,https://www.marcolangwatches.com/cad/ml01-zweigesicht-2/,f34148903818c273e20deeb0e70d3dc7782e08a413bc0e420f30d8c209aa4a2b
p_0_1_1_1__0_1_1_1_3__0_1_1_43_4__0_1_1_49_3__0_1_1_58_4,0:1:1:1/0:1:1:1:3/0:1:1:43:4/0:1:1:49:3/0:1:1:58:4,61,010-linzylans s120x160 k190x90 a140x120,leaf,fixed,normal running,frame,E-CAD,assembly-role assumption,external review open,Support/fastener/dial structure at rest in normal running; fitting and conditional compliance need review where relevant.,https://www.marcolangwatches.com/cad/ml01-zweigesicht-2/,f34148903818c273e20deeb0e70d3dc7782e08a413bc0e420f30d8c209aa4a2b
p_0_1_1_1__0_1_1_1_3__0_1_1_43_4__0_1_1_49_3__0_1_1_58_5,0:1:1:1/0:1:1:1:3/0:1:1:43:4/0:1:1:49:3/0:1:1:58:5,62,ml01 Dorn SS 16mm,leaf,fixed,normal-running reference; wearing/opening excluded,case-context,E-CAD,scope assumption,external review open,Case/strap accessory outside running chain; actual articulation or leather deformation is outside normal-running scope.,https://www.marcolangwatches.com/cad/ml01-zweigesicht-2/,f34148903818c273e20deeb0e70d3dc7782e08a413bc0e420f30d8c209aa4a2b
p_0_1_1_1__0_1_1_1_3__0_1_1_43_4__0_1_1_49_4,0:1:1:1/0:1:1:1:3/0:1:1:43:4/0:1:1:49:4,63,Lederband 18mm M dunkelblau Schl.Seite,leaf,fixed,normal-running reference; wearing/opening excluded,case-context,E-CAD,scope assumption,external review open,Case/strap accessory outside running chain; actual articulation or leather deformation is outside normal-running scope.,https://www.marcolangwatches.com/cad/ml01-zweigesicht-2/,f34148903818c273e20deeb0e70d3dc7782e08a413bc0e420f30d8c209aa4a2b
p_0_1_1_1__0_1_1_1_3__0_1_1_43_4__0_1_1_49_5,0:1:1:1/0:1:1:1:3/0:1:1:43:4/0:1:1:49:5,64,Lederband 18mm M schwarz Schl.Seite,leaf,fixed,normal-running reference; wearing/opening excluded,case-context,E-CAD,scope assumption,external review open,Case/strap accessory outside running chain; actual articulation or leather deformation is outside normal-running scope.,https://www.marcolangwatches.com/cad/ml01-zweigesicht-2/,f34148903818c273e20deeb0e70d3dc7782e08a413bc0e420f30d8c209aa4a2b
p_0_1_1_1__0_1_1_1_3__0_1_1_43_5,0:1:1:1/0:1:1:1:3/0:1:1:43:5,49,Band Schliessenseite M alle Farben,assembly,unresolved,aggregate; classify descendants individually,unassigned,U-COVERAGE,unresolved,external review open,Source hierarchy contains mixed or unproven motion; never rotate this assembly wholesale.,https://www.marcolangwatches.com/cad/ml01-zweigesicht-2/,f34148903818c273e20deeb0e70d3dc7782e08a413bc0e420f30d8c209aa4a2b
p_0_1_1_1__0_1_1_1_3__0_1_1_43_5__0_1_1_49_1,0:1:1:1/0:1:1:1:3/0:1:1:43:5/0:1:1:49:1,50,Lederband 18mm M mittelbraun Schl.Seite,leaf,fixed,normal-running reference; wearing/opening excluded,case-context,E-CAD,scope assumption,external review open,Case/strap accessory outside running chain; actual articulation or leather deformation is outside normal-running scope.,https://www.marcolangwatches.com/cad/ml01-zweigesicht-2/,f34148903818c273e20deeb0e70d3dc7782e08a413bc0e420f30d8c209aa4a2b
p_0_1_1_1__0_1_1_1_3__0_1_1_43_5__0_1_1_49_2,0:1:1:1/0:1:1:1:3/0:1:1:43:5/0:1:1:49:2,51,ml01 Hörnchenbügel SS montiert,assembly,unresolved,aggregate; classify descendants individually,unassigned,U-COVERAGE,unresolved,external review open,Source hierarchy contains mixed or unproven motion; never rotate this assembly wholesale.,https://www.marcolangwatches.com/cad/ml01-zweigesicht-2/,f34148903818c273e20deeb0e70d3dc7782e08a413bc0e420f30d8c209aa4a2b
p_0_1_1_1__0_1_1_1_3__0_1_1_43_5__0_1_1_49_2__0_1_1_51_1,0:1:1:1/0:1:1:1:3/0:1:1:43:5/0:1:1:49:2/0:1:1:51:1,52,ml01 Hörnchenschlüssel,leaf,fixed,normal-running reference; wearing/opening excluded,case-context,E-CAD,scope assumption,external review open,Case/strap accessory outside running chain; actual articulation or leather deformation is outside normal-running scope.,https://www.marcolangwatches.com/cad/ml01-zweigesicht-2/,f34148903818c273e20deeb0e70d3dc7782e08a413bc0e420f30d8c209aa4a2b
p_0_1_1_1__0_1_1_1_3__0_1_1_43_5__0_1_1_49_2__0_1_1_51_2,0:1:1:1/0:1:1:1:3/0:1:1:43:5/0:1:1:49:2/0:1:1:51:2,52,ml01 Hörnchenschlüssel,leaf,fixed,normal-running reference; wearing/opening excluded,case-context,E-CAD,scope assumption,external review open,Case/strap accessory outside running chain; actual articulation or leather deformation is outside normal-running scope.,https://www.marcolangwatches.com/cad/ml01-zweigesicht-2/,f34148903818c273e20deeb0e70d3dc7782e08a413bc0e420f30d8c209aa4a2b
p_0_1_1_1__0_1_1_1_3__0_1_1_43_5__0_1_1_49_2__0_1_1_51_3,0:1:1:1/0:1:1:1:3/0:1:1:43:5/0:1:1:49:2/0:1:1:51:3,53,010-linzylans s120x180 k230x160 a140x210 ss,leaf,fixed,normal running,frame,E-CAD,assembly-role assumption,external review open,Support/fastener/dial structure at rest in normal running; fitting and conditional compliance need review where relevant.,https://www.marcolangwatches.com/cad/ml01-zweigesicht-2/,f34148903818c273e20deeb0e70d3dc7782e08a413bc0e420f30d8c209aa4a2b
p_0_1_1_1__0_1_1_1_3__0_1_1_43_5__0_1_1_49_2__0_1_1_51_4,0:1:1:1/0:1:1:1:3/0:1:1:43:5/0:1:1:49:2/0:1:1:51:4,53,010-linzylans s120x180 k230x160 a140x210 ss,leaf,fixed,normal running,frame,E-CAD,assembly-role assumption,external review open,Support/fastener/dial structure at rest in normal running; fitting and conditional compliance need review where relevant.,https://www.marcolangwatches.com/cad/ml01-zweigesicht-2/,f34148903818c273e20deeb0e70d3dc7782e08a413bc0e420f30d8c209aa4a2b
p_0_1_1_1__0_1_1_1_3__0_1_1_43_5__0_1_1_49_2__0_1_1_51_5,0:1:1:1/0:1:1:1:3/0:1:1:43:5/0:1:1:49:2/0:1:1:51:5,54,ml01 Hörnchenbügel SS,leaf,fixed,normal-running reference; wearing/opening excluded,case-context,E-CAD,scope assumption,external review open,Case/strap accessory outside running chain; actual articulation or leather deformation is outside normal-running scope.,https://www.marcolangwatches.com/cad/ml01-zweigesicht-2/,f34148903818c273e20deeb0e70d3dc7782e08a413bc0e420f30d8c209aa4a2b
p_0_1_1_1__0_1_1_1_3__0_1_1_43_5__0_1_1_49_2__0_1_1_51_6,0:1:1:1/0:1:1:1:3/0:1:1:43:5/0:1:1:49:2/0:1:1:51:6,55,"Schraubsteg 1,7x17,8",leaf,fixed,normal-running reference; wearing/opening excluded,case-context,E-CAD,scope assumption,external review open,Case/strap accessory outside running chain; actual articulation or leather deformation is outside normal-running scope.,https://www.marcolangwatches.com/cad/ml01-zweigesicht-2/,f34148903818c273e20deeb0e70d3dc7782e08a413bc0e420f30d8c209aa4a2b
p_0_1_1_1__0_1_1_1_3__0_1_1_43_5__0_1_1_49_2__0_1_1_51_7,0:1:1:1/0:1:1:1:3/0:1:1:43:5/0:1:1:49:2/0:1:1:51:7,56,ml01 Hörnchenblende SS,leaf,fixed,normal-running reference; wearing/opening excluded,case-context,E-CAD,scope assumption,external review open,Case/strap accessory outside running chain; actual articulation or leather deformation is outside normal-running scope.,https://www.marcolangwatches.com/cad/ml01-zweigesicht-2/,f34148903818c273e20deeb0e70d3dc7782e08a413bc0e420f30d8c209aa4a2b
p_0_1_1_1__0_1_1_1_3__0_1_1_43_5__0_1_1_49_2__0_1_1_51_8,0:1:1:1/0:1:1:1:3/0:1:1:43:5/0:1:1:49:2/0:1:1:51:8,57,010-linsenk s100x120 k140x50 ss,leaf,fixed,normal running,frame,E-CAD,assembly-role assumption,external review open,Support/fastener/dial structure at rest in normal running; fitting and conditional compliance need review where relevant.,https://www.marcolangwatches.com/cad/ml01-zweigesicht-2/,f34148903818c273e20deeb0e70d3dc7782e08a413bc0e420f30d8c209aa4a2b
p_0_1_1_1__0_1_1_1_3__0_1_1_43_5__0_1_1_49_2__0_1_1_51_9,0:1:1:1/0:1:1:1:3/0:1:1:43:5/0:1:1:49:2/0:1:1:51:9,57,010-linsenk s100x120 k140x50 ss,leaf,fixed,normal running,frame,E-CAD,assembly-role assumption,external review open,Support/fastener/dial structure at rest in normal running; fitting and conditional compliance need review where relevant.,https://www.marcolangwatches.com/cad/ml01-zweigesicht-2/,f34148903818c273e20deeb0e70d3dc7782e08a413bc0e420f30d8c209aa4a2b
p_0_1_1_1__0_1_1_1_3__0_1_1_43_5__0_1_1_49_3,0:1:1:1/0:1:1:1:3/0:1:1:43:5/0:1:1:49:3,58,ml01 Schliesse SS vormontiert,assembly,unresolved,aggregate; classify descendants individually,unassigned,U-COVERAGE,unresolved,external review open,Source hierarchy contains mixed or unproven motion; never rotate this assembly wholesale.,https://www.marcolangwatches.com/cad/ml01-zweigesicht-2/,f34148903818c273e20deeb0e70d3dc7782e08a413bc0e420f30d8c209aa4a2b
p_0_1_1_1__0_1_1_1_3__0_1_1_43_5__0_1_1_49_3__0_1_1_58_1,0:1:1:1/0:1:1:1:3/0:1:1:43:5/0:1:1:49:3/0:1:1:58:1,59,ml01 Schliesse SS 16mm,leaf,fixed,normal-running reference; wearing/opening excluded,case-context,E-CAD,scope assumption,external review open,Case/strap accessory outside running chain; actual articulation or leather deformation is outside normal-running scope.,https://www.marcolangwatches.com/cad/ml01-zweigesicht-2/,f34148903818c273e20deeb0e70d3dc7782e08a413bc0e420f30d8c209aa4a2b
p_0_1_1_1__0_1_1_1_3__0_1_1_43_5__0_1_1_49_3__0_1_1_58_2,0:1:1:1/0:1:1:1:3/0:1:1:43:5/0:1:1:49:3/0:1:1:58:2,60,"Schraubsteg 1,7x15,9",leaf,fixed,normal-running reference; wearing/opening excluded,case-context,E-CAD,scope assumption,external review open,Case/strap accessory outside running chain; actual articulation or leather deformation is outside normal-running scope.,https://www.marcolangwatches.com/cad/ml01-zweigesicht-2/,f34148903818c273e20deeb0e70d3dc7782e08a413bc0e420f30d8c209aa4a2b
p_0_1_1_1__0_1_1_1_3__0_1_1_43_5__0_1_1_49_3__0_1_1_58_3,0:1:1:1/0:1:1:1:3/0:1:1:43:5/0:1:1:49:3/0:1:1:58:3,61,010-linzylans s120x160 k190x90 a140x120,leaf,fixed,normal running,frame,E-CAD,assembly-role assumption,external review open,Support/fastener/dial structure at rest in normal running; fitting and conditional compliance need review where relevant.,https://www.marcolangwatches.com/cad/ml01-zweigesicht-2/,f34148903818c273e20deeb0e70d3dc7782e08a413bc0e420f30d8c209aa4a2b
p_0_1_1_1__0_1_1_1_3__0_1_1_43_5__0_1_1_49_3__0_1_1_58_4,0:1:1:1/0:1:1:1:3/0:1:1:43:5/0:1:1:49:3/0:1:1:58:4,61,010-linzylans s120x160 k190x90 a140x120,leaf,fixed,normal running,frame,E-CAD,assembly-role assumption,external review open,Support/fastener/dial structure at rest in normal running; fitting and conditional compliance need review where relevant.,https://www.marcolangwatches.com/cad/ml01-zweigesicht-2/,f34148903818c273e20deeb0e70d3dc7782e08a413bc0e420f30d8c209aa4a2b
p_0_1_1_1__0_1_1_1_3__0_1_1_43_5__0_1_1_49_3__0_1_1_58_5,0:1:1:1/0:1:1:1:3/0:1:1:43:5/0:1:1:49:3/0:1:1:58:5,62,ml01 Dorn SS 16mm,leaf,fixed,normal-running reference; wearing/opening excluded,case-context,E-CAD,scope assumption,external review open,Case/strap accessory outside running chain; actual articulation or leather deformation is outside normal-running scope.,https://www.marcolangwatches.com/cad/ml01-zweigesicht-2/,f34148903818c273e20deeb0e70d3dc7782e08a413bc0e420f30d8c209aa4a2b
p_0_1_1_1__0_1_1_1_3__0_1_1_43_5__0_1_1_49_4,0:1:1:1/0:1:1:1:3/0:1:1:43:5/0:1:1:49:4,63,Lederband 18mm M dunkelblau Schl.Seite,leaf,fixed,normal-running reference; wearing/opening excluded,case-context,E-CAD,scope assumption,external review open,Case/strap accessory outside running chain; actual articulation or leather deformation is outside normal-running scope.,https://www.marcolangwatches.com/cad/ml01-zweigesicht-2/,f34148903818c273e20deeb0e70d3dc7782e08a413bc0e420f30d8c209aa4a2b
p_0_1_1_1__0_1_1_1_3__0_1_1_43_5__0_1_1_49_5,0:1:1:1/0:1:1:1:3/0:1:1:43:5/0:1:1:49:5,64,Lederband 18mm M schwarz Schl.Seite,leaf,fixed,normal-running reference; wearing/opening excluded,case-context,E-CAD,scope assumption,external review open,Case/strap accessory outside running chain; actual articulation or leather deformation is outside normal-running scope.,https://www.marcolangwatches.com/cad/ml01-zweigesicht-2/,f34148903818c273e20deeb0e70d3dc7782e08a413bc0e420f30d8c209aa4a2b
p_0_1_1_1__0_1_1_1_3__0_1_1_43_6,0:1:1:1/0:1:1:1:3/0:1:1:43:6,65,ml01 Schraubboden SS verpresst,assembly,unresolved,aggregate; classify descendants individually,unassigned,U-COVERAGE,unresolved,external review open,Source hierarchy contains mixed or unproven motion; never rotate this assembly wholesale.,https://www.marcolangwatches.com/cad/ml01-zweigesicht-2/,f34148903818c273e20deeb0e70d3dc7782e08a413bc0e420f30d8c209aa4a2b
p_0_1_1_1__0_1_1_1_3__0_1_1_43_6__0_1_1_65_1,0:1:1:1/0:1:1:1:3/0:1:1:43:6/0:1:1:65:1,66,"Glasdichtung AD35,6 ID34,86 H0,8",leaf,fixed,normal-running reference; wearing/opening excluded,case-context,E-CAD,scope assumption,external review open,Case/strap accessory outside running chain; actual articulation or leather deformation is outside normal-running scope.,https://www.marcolangwatches.com/cad/ml01-zweigesicht-2/,f34148903818c273e20deeb0e70d3dc7782e08a413bc0e420f30d8c209aa4a2b
p_0_1_1_1__0_1_1_1_3__0_1_1_43_6__0_1_1_65_2,0:1:1:1/0:1:1:1:3/0:1:1:43:6/0:1:1:65:2,67,"Saphirglas Ø35x1,5x1",leaf,fixed,normal-running reference; wearing/opening excluded,case-context,E-CAD,scope assumption,external review open,Case/strap accessory outside running chain; actual articulation or leather deformation is outside normal-running scope.,https://www.marcolangwatches.com/cad/ml01-zweigesicht-2/,f34148903818c273e20deeb0e70d3dc7782e08a413bc0e420f30d8c209aa4a2b
p_0_1_1_1__0_1_1_1_3__0_1_1_43_6__0_1_1_65_3,0:1:1:1/0:1:1:1:3/0:1:1:43:6/0:1:1:65:3,68,ml01 Schraubboden SS,leaf,fixed,normal-running reference; wearing/opening excluded,case-context,E-CAD,scope assumption,external review open,Case/strap accessory outside running chain; actual articulation or leather deformation is outside normal-running scope.,https://www.marcolangwatches.com/cad/ml01-zweigesicht-2/,f34148903818c273e20deeb0e70d3dc7782e08a413bc0e420f30d8c209aa4a2b
p_0_1_1_1__0_1_1_1_3__0_1_1_43_7,0:1:1:1/0:1:1:1:3/0:1:1:43:7,69,ml01 GMT Ring SS montiert,assembly,unresolved,aggregate; classify descendants individually,unassigned,U-COVERAGE,unresolved,external review open,Source hierarchy contains mixed or unproven motion; never rotate this assembly wholesale.,https://www.marcolangwatches.com/cad/ml01-zweigesicht-2/,f34148903818c273e20deeb0e70d3dc7782e08a413bc0e420f30d8c209aa4a2b
p_0_1_1_1__0_1_1_1_3__0_1_1_43_7__0_1_1_69_1,0:1:1:1/0:1:1:1:3/0:1:1:43:7/0:1:1:69:1,70,ml01 GMT Ring SS,leaf,fixed,normal-running reference; wearing/opening excluded,case-context,E-CAD,scope assumption,external review open,Case/strap accessory outside running chain; actual articulation or leather deformation is outside normal-running scope.,https://www.marcolangwatches.com/cad/ml01-zweigesicht-2/,f34148903818c273e20deeb0e70d3dc7782e08a413bc0e420f30d8c209aa4a2b
p_0_1_1_1__0_1_1_1_3__0_1_1_43_7__0_1_1_69_2,0:1:1:1/0:1:1:1:3/0:1:1:43:7/0:1:1:69:2,71,ml01 Kronenschutz,leaf,fixed,normal-running reference; wearing/opening excluded,case-context,E-CAD,scope assumption,external review open,Case/strap accessory outside running chain; actual articulation or leather deformation is outside normal-running scope.,https://www.marcolangwatches.com/cad/ml01-zweigesicht-2/,f34148903818c273e20deeb0e70d3dc7782e08a413bc0e420f30d8c209aa4a2b
p_0_1_1_1__0_1_1_1_3__0_1_1_43_7__0_1_1_69_3,0:1:1:1/0:1:1:1:3/0:1:1:43:7/0:1:1:69:3,72,ml01 Riegelstift fest,leaf,fixed,normal-running reference; wearing/opening excluded,case-context,E-CAD,scope assumption,external review open,Case/strap accessory outside running chain; actual articulation or leather deformation is outside normal-running scope.,https://www.marcolangwatches.com/cad/ml01-zweigesicht-2/,f34148903818c273e20deeb0e70d3dc7782e08a413bc0e420f30d8c209aa4a2b
p_0_1_1_1__0_1_1_1_3__0_1_1_43_7__0_1_1_69_4,0:1:1:1/0:1:1:1:3/0:1:1:43:7/0:1:1:69:4,72,ml01 Riegelstift fest,leaf,fixed,normal-running reference; wearing/opening excluded,case-context,E-CAD,scope assumption,external review open,Case/strap accessory outside running chain; actual articulation or leather deformation is outside normal-running scope.,https://www.marcolangwatches.com/cad/ml01-zweigesicht-2/,f34148903818c273e20deeb0e70d3dc7782e08a413bc0e420f30d8c209aa4a2b
p_0_1_1_1__0_1_1_1_3__0_1_1_43_7__0_1_1_69_5,0:1:1:1/0:1:1:1:3/0:1:1:43:7/0:1:1:69:5,72,ml01 Riegelstift fest,leaf,fixed,normal-running reference; wearing/opening excluded,case-context,E-CAD,scope assumption,external review open,Case/strap accessory outside running chain; actual articulation or leather deformation is outside normal-running scope.,https://www.marcolangwatches.com/cad/ml01-zweigesicht-2/,f34148903818c273e20deeb0e70d3dc7782e08a413bc0e420f30d8c209aa4a2b
p_0_1_1_1__0_1_1_1_3__0_1_1_43_7__0_1_1_69_6,0:1:1:1/0:1:1:1:3/0:1:1:43:7/0:1:1:69:6,72,ml01 Riegelstift fest,leaf,fixed,normal-running reference; wearing/opening excluded,case-context,E-CAD,scope assumption,external review open,Case/strap accessory outside running chain; actual articulation or leather deformation is outside normal-running scope.,https://www.marcolangwatches.com/cad/ml01-zweigesicht-2/,f34148903818c273e20deeb0e70d3dc7782e08a413bc0e420f30d8c209aa4a2b
p_0_1_1_1__0_1_1_1_3__0_1_1_43_7__0_1_1_69_7,0:1:1:1/0:1:1:1:3/0:1:1:43:7/0:1:1:69:7,73,ml01 Tubus,leaf,fixed,normal-running reference; wearing/opening excluded,case-context,E-CAD,scope assumption,external review open,Case/strap accessory outside running chain; actual articulation or leather deformation is outside normal-running scope.,https://www.marcolangwatches.com/cad/ml01-zweigesicht-2/,f34148903818c273e20deeb0e70d3dc7782e08a413bc0e420f30d8c209aa4a2b
p_0_1_1_1__0_1_1_1_3__0_1_1_43_7__0_1_1_69_8,0:1:1:1/0:1:1:1:3/0:1:1:43:7/0:1:1:69:8,74,Korrektor montiert,assembly,conditionally-driven,winding / setting / explicit correction; normal-running coupling unresolved for 97/172,unassigned,E-CAD,name/assembly assumption,external review open,Conditional input mechanism; determine mode and any back-drive before X1 (U-MODES).,https://www.marcolangwatches.com/cad/ml01-zweigesicht-2/,f34148903818c273e20deeb0e70d3dc7782e08a413bc0e420f30d8c209aa4a2b
p_0_1_1_1__0_1_1_1_3__0_1_1_43_7__0_1_1_69_8__0_1_1_74_1,0:1:1:1/0:1:1:1:3/0:1:1:43:7/0:1:1:69:8/0:1:1:74:1,75,Korrektor Hülse,leaf,fixed,normal-running reference; wearing/opening excluded,case-context,E-CAD,scope assumption,external review open,Case/strap accessory outside running chain; actual articulation or leather deformation is outside normal-running scope.,https://www.marcolangwatches.com/cad/ml01-zweigesicht-2/,f34148903818c273e20deeb0e70d3dc7782e08a413bc0e420f30d8c209aa4a2b
p_0_1_1_1__0_1_1_1_3__0_1_1_43_7__0_1_1_69_8__0_1_1_74_2,0:1:1:1/0:1:1:1:3/0:1:1:43:7/0:1:1:69:8/0:1:1:74:2,76,Korrektor Kopf,leaf,conditionally-driven,winding / setting / explicit correction; normal-running coupling unresolved for 97/172,unassigned,E-CAD,name/assembly assumption,external review open,Conditional input mechanism; determine mode and any back-drive before X1 (U-MODES).,https://www.marcolangwatches.com/cad/ml01-zweigesicht-2/,f34148903818c273e20deeb0e70d3dc7782e08a413bc0e420f30d8c209aa4a2b
p_0_1_1_1__0_1_1_1_3__0_1_1_43_7__0_1_1_69_8__0_1_1_74_3,0:1:1:1/0:1:1:1:3/0:1:1:43:7/0:1:1:69:8/0:1:1:74:3,77,Korrektor Fuß,leaf,conditionally-driven,winding / setting / explicit correction; normal-running coupling unresolved for 97/172,unassigned,E-CAD,name/assembly assumption,external review open,Conditional input mechanism; determine mode and any back-drive before X1 (U-MODES).,https://www.marcolangwatches.com/cad/ml01-zweigesicht-2/,f34148903818c273e20deeb0e70d3dc7782e08a413bc0e420f30d8c209aa4a2b
p_0_1_1_1__0_1_1_1_3__0_1_1_43_7__0_1_1_69_8__0_1_1_74_4,0:1:1:1/0:1:1:1:3/0:1:1:43:7/0:1:1:69:8/0:1:1:74:4,78,"Dring Korrektor ID0,8 f0,3",leaf,fixed,normal-running reference; wearing/opening excluded,case-context,E-CAD,scope assumption,external review open,Case/strap accessory outside running chain; actual articulation or leather deformation is outside normal-running scope.,https://www.marcolangwatches.com/cad/ml01-zweigesicht-2/,f34148903818c273e20deeb0e70d3dc7782e08a413bc0e420f30d8c209aa4a2b
p_0_1_1_1__0_1_1_1_3__0_1_1_43_8,0:1:1:1/0:1:1:1:3/0:1:1:43:8,65,ml01 Schraubboden SS verpresst,assembly,unresolved,aggregate; classify descendants individually,unassigned,U-COVERAGE,unresolved,external review open,Source hierarchy contains mixed or unproven motion; never rotate this assembly wholesale.,https://www.marcolangwatches.com/cad/ml01-zweigesicht-2/,f34148903818c273e20deeb0e70d3dc7782e08a413bc0e420f30d8c209aa4a2b
p_0_1_1_1__0_1_1_1_3__0_1_1_43_8__0_1_1_65_1,0:1:1:1/0:1:1:1:3/0:1:1:43:8/0:1:1:65:1,66,"Glasdichtung AD35,6 ID34,86 H0,8",leaf,fixed,normal-running reference; wearing/opening excluded,case-context,E-CAD,scope assumption,external review open,Case/strap accessory outside running chain; actual articulation or leather deformation is outside normal-running scope.,https://www.marcolangwatches.com/cad/ml01-zweigesicht-2/,f34148903818c273e20deeb0e70d3dc7782e08a413bc0e420f30d8c209aa4a2b
p_0_1_1_1__0_1_1_1_3__0_1_1_43_8__0_1_1_65_2,0:1:1:1/0:1:1:1:3/0:1:1:43:8/0:1:1:65:2,67,"Saphirglas Ø35x1,5x1",leaf,fixed,normal-running reference; wearing/opening excluded,case-context,E-CAD,scope assumption,external review open,Case/strap accessory outside running chain; actual articulation or leather deformation is outside normal-running scope.,https://www.marcolangwatches.com/cad/ml01-zweigesicht-2/,f34148903818c273e20deeb0e70d3dc7782e08a413bc0e420f30d8c209aa4a2b
p_0_1_1_1__0_1_1_1_3__0_1_1_43_8__0_1_1_65_3,0:1:1:1/0:1:1:1:3/0:1:1:43:8/0:1:1:65:3,68,ml01 Schraubboden SS,leaf,fixed,normal-running reference; wearing/opening excluded,case-context,E-CAD,scope assumption,external review open,Case/strap accessory outside running chain; actual articulation or leather deformation is outside normal-running scope.,https://www.marcolangwatches.com/cad/ml01-zweigesicht-2/,f34148903818c273e20deeb0e70d3dc7782e08a413bc0e420f30d8c209aa4a2b
p_0_1_1_1__0_1_1_1_3__0_1_1_43_9,0:1:1:1/0:1:1:1:3/0:1:1:43:9,79,Band Lochseite M alle Farben,assembly,unresolved,aggregate; classify descendants individually,unassigned,U-COVERAGE,unresolved,external review open,Source hierarchy contains mixed or unproven motion; never rotate this assembly wholesale.,https://www.marcolangwatches.com/cad/ml01-zweigesicht-2/,f34148903818c273e20deeb0e70d3dc7782e08a413bc0e420f30d8c209aa4a2b
p_0_1_1_1__0_1_1_1_3__0_1_1_43_9__0_1_1_79_1,0:1:1:1/0:1:1:1:3/0:1:1:43:9/0:1:1:79:1,80,Lederband 18mm M mittelbraun Lochseite,leaf,fixed,normal-running reference; wearing/opening excluded,case-context,E-CAD,scope assumption,external review open,Case/strap accessory outside running chain; actual articulation or leather deformation is outside normal-running scope.,https://www.marcolangwatches.com/cad/ml01-zweigesicht-2/,f34148903818c273e20deeb0e70d3dc7782e08a413bc0e420f30d8c209aa4a2b
p_0_1_1_1__0_1_1_1_3__0_1_1_43_9__0_1_1_79_2,0:1:1:1/0:1:1:1:3/0:1:1:43:9/0:1:1:79:2,51,ml01 Hörnchenbügel SS montiert,assembly,unresolved,aggregate; classify descendants individually,unassigned,U-COVERAGE,unresolved,external review open,Source hierarchy contains mixed or unproven motion; never rotate this assembly wholesale.,https://www.marcolangwatches.com/cad/ml01-zweigesicht-2/,f34148903818c273e20deeb0e70d3dc7782e08a413bc0e420f30d8c209aa4a2b
p_0_1_1_1__0_1_1_1_3__0_1_1_43_9__0_1_1_79_2__0_1_1_51_1,0:1:1:1/0:1:1:1:3/0:1:1:43:9/0:1:1:79:2/0:1:1:51:1,52,ml01 Hörnchenschlüssel,leaf,fixed,normal-running reference; wearing/opening excluded,case-context,E-CAD,scope assumption,external review open,Case/strap accessory outside running chain; actual articulation or leather deformation is outside normal-running scope.,https://www.marcolangwatches.com/cad/ml01-zweigesicht-2/,f34148903818c273e20deeb0e70d3dc7782e08a413bc0e420f30d8c209aa4a2b
p_0_1_1_1__0_1_1_1_3__0_1_1_43_9__0_1_1_79_2__0_1_1_51_2,0:1:1:1/0:1:1:1:3/0:1:1:43:9/0:1:1:79:2/0:1:1:51:2,52,ml01 Hörnchenschlüssel,leaf,fixed,normal-running reference; wearing/opening excluded,case-context,E-CAD,scope assumption,external review open,Case/strap accessory outside running chain; actual articulation or leather deformation is outside normal-running scope.,https://www.marcolangwatches.com/cad/ml01-zweigesicht-2/,f34148903818c273e20deeb0e70d3dc7782e08a413bc0e420f30d8c209aa4a2b
p_0_1_1_1__0_1_1_1_3__0_1_1_43_9__0_1_1_79_2__0_1_1_51_3,0:1:1:1/0:1:1:1:3/0:1:1:43:9/0:1:1:79:2/0:1:1:51:3,53,010-linzylans s120x180 k230x160 a140x210 ss,leaf,fixed,normal running,frame,E-CAD,assembly-role assumption,external review open,Support/fastener/dial structure at rest in normal running; fitting and conditional compliance need review where relevant.,https://www.marcolangwatches.com/cad/ml01-zweigesicht-2/,f34148903818c273e20deeb0e70d3dc7782e08a413bc0e420f30d8c209aa4a2b
p_0_1_1_1__0_1_1_1_3__0_1_1_43_9__0_1_1_79_2__0_1_1_51_4,0:1:1:1/0:1:1:1:3/0:1:1:43:9/0:1:1:79:2/0:1:1:51:4,53,010-linzylans s120x180 k230x160 a140x210 ss,leaf,fixed,normal running,frame,E-CAD,assembly-role assumption,external review open,Support/fastener/dial structure at rest in normal running; fitting and conditional compliance need review where relevant.,https://www.marcolangwatches.com/cad/ml01-zweigesicht-2/,f34148903818c273e20deeb0e70d3dc7782e08a413bc0e420f30d8c209aa4a2b
p_0_1_1_1__0_1_1_1_3__0_1_1_43_9__0_1_1_79_2__0_1_1_51_5,0:1:1:1/0:1:1:1:3/0:1:1:43:9/0:1:1:79:2/0:1:1:51:5,54,ml01 Hörnchenbügel SS,leaf,fixed,normal-running reference; wearing/opening excluded,case-context,E-CAD,scope assumption,external review open,Case/strap accessory outside running chain; actual articulation or leather deformation is outside normal-running scope.,https://www.marcolangwatches.com/cad/ml01-zweigesicht-2/,f34148903818c273e20deeb0e70d3dc7782e08a413bc0e420f30d8c209aa4a2b
p_0_1_1_1__0_1_1_1_3__0_1_1_43_9__0_1_1_79_2__0_1_1_51_6,0:1:1:1/0:1:1:1:3/0:1:1:43:9/0:1:1:79:2/0:1:1:51:6,55,"Schraubsteg 1,7x17,8",leaf,fixed,normal-running reference; wearing/opening excluded,case-context,E-CAD,scope assumption,external review open,Case/strap accessory outside running chain; actual articulation or leather deformation is outside normal-running scope.,https://www.marcolangwatches.com/cad/ml01-zweigesicht-2/,f34148903818c273e20deeb0e70d3dc7782e08a413bc0e420f30d8c209aa4a2b
p_0_1_1_1__0_1_1_1_3__0_1_1_43_9__0_1_1_79_2__0_1_1_51_7,0:1:1:1/0:1:1:1:3/0:1:1:43:9/0:1:1:79:2/0:1:1:51:7,56,ml01 Hörnchenblende SS,leaf,fixed,normal-running reference; wearing/opening excluded,case-context,E-CAD,scope assumption,external review open,Case/strap accessory outside running chain; actual articulation or leather deformation is outside normal-running scope.,https://www.marcolangwatches.com/cad/ml01-zweigesicht-2/,f34148903818c273e20deeb0e70d3dc7782e08a413bc0e420f30d8c209aa4a2b
p_0_1_1_1__0_1_1_1_3__0_1_1_43_9__0_1_1_79_2__0_1_1_51_8,0:1:1:1/0:1:1:1:3/0:1:1:43:9/0:1:1:79:2/0:1:1:51:8,57,010-linsenk s100x120 k140x50 ss,leaf,fixed,normal running,frame,E-CAD,assembly-role assumption,external review open,Support/fastener/dial structure at rest in normal running; fitting and conditional compliance need review where relevant.,https://www.marcolangwatches.com/cad/ml01-zweigesicht-2/,f34148903818c273e20deeb0e70d3dc7782e08a413bc0e420f30d8c209aa4a2b
p_0_1_1_1__0_1_1_1_3__0_1_1_43_9__0_1_1_79_2__0_1_1_51_9,0:1:1:1/0:1:1:1:3/0:1:1:43:9/0:1:1:79:2/0:1:1:51:9,57,010-linsenk s100x120 k140x50 ss,leaf,fixed,normal running,frame,E-CAD,assembly-role assumption,external review open,Support/fastener/dial structure at rest in normal running; fitting and conditional compliance need review where relevant.,https://www.marcolangwatches.com/cad/ml01-zweigesicht-2/,f34148903818c273e20deeb0e70d3dc7782e08a413bc0e420f30d8c209aa4a2b
p_0_1_1_1__0_1_1_1_3__0_1_1_43_9__0_1_1_79_3,0:1:1:1/0:1:1:1:3/0:1:1:43:9/0:1:1:79:3,81,Lederband 18mm M dunkelblau Lochseite,leaf,fixed,normal-running reference; wearing/opening excluded,case-context,E-CAD,scope assumption,external review open,Case/strap accessory outside running chain; actual articulation or leather deformation is outside normal-running scope.,https://www.marcolangwatches.com/cad/ml01-zweigesicht-2/,f34148903818c273e20deeb0e70d3dc7782e08a413bc0e420f30d8c209aa4a2b
p_0_1_1_1__0_1_1_1_3__0_1_1_43_9__0_1_1_79_4,0:1:1:1/0:1:1:1:3/0:1:1:43:9/0:1:1:79:4,82,Lederband 18mm M schwarz Lochseite,leaf,fixed,normal-running reference; wearing/opening excluded,case-context,E-CAD,scope assumption,external review open,Case/strap accessory outside running chain; actual articulation or leather deformation is outside normal-running scope.,https://www.marcolangwatches.com/cad/ml01-zweigesicht-2/,f34148903818c273e20deeb0e70d3dc7782e08a413bc0e420f30d8c209aa4a2b
p_0_1_1_1__0_1_1_1_3__0_1_1_43_10,0:1:1:1/0:1:1:1:3/0:1:1:43:10,79,Band Lochseite M alle Farben,assembly,unresolved,aggregate; classify descendants individually,unassigned,U-COVERAGE,unresolved,external review open,Source hierarchy contains mixed or unproven motion; never rotate this assembly wholesale.,https://www.marcolangwatches.com/cad/ml01-zweigesicht-2/,f34148903818c273e20deeb0e70d3dc7782e08a413bc0e420f30d8c209aa4a2b
p_0_1_1_1__0_1_1_1_3__0_1_1_43_10__0_1_1_79_1,0:1:1:1/0:1:1:1:3/0:1:1:43:10/0:1:1:79:1,80,Lederband 18mm M mittelbraun Lochseite,leaf,fixed,normal-running reference; wearing/opening excluded,case-context,E-CAD,scope assumption,external review open,Case/strap accessory outside running chain; actual articulation or leather deformation is outside normal-running scope.,https://www.marcolangwatches.com/cad/ml01-zweigesicht-2/,f34148903818c273e20deeb0e70d3dc7782e08a413bc0e420f30d8c209aa4a2b
p_0_1_1_1__0_1_1_1_3__0_1_1_43_10__0_1_1_79_2,0:1:1:1/0:1:1:1:3/0:1:1:43:10/0:1:1:79:2,51,ml01 Hörnchenbügel SS montiert,assembly,unresolved,aggregate; classify descendants individually,unassigned,U-COVERAGE,unresolved,external review open,Source hierarchy contains mixed or unproven motion; never rotate this assembly wholesale.,https://www.marcolangwatches.com/cad/ml01-zweigesicht-2/,f34148903818c273e20deeb0e70d3dc7782e08a413bc0e420f30d8c209aa4a2b
p_0_1_1_1__0_1_1_1_3__0_1_1_43_10__0_1_1_79_2__0_1_1_51_1,0:1:1:1/0:1:1:1:3/0:1:1:43:10/0:1:1:79:2/0:1:1:51:1,52,ml01 Hörnchenschlüssel,leaf,fixed,normal-running reference; wearing/opening excluded,case-context,E-CAD,scope assumption,external review open,Case/strap accessory outside running chain; actual articulation or leather deformation is outside normal-running scope.,https://www.marcolangwatches.com/cad/ml01-zweigesicht-2/,f34148903818c273e20deeb0e70d3dc7782e08a413bc0e420f30d8c209aa4a2b
p_0_1_1_1__0_1_1_1_3__0_1_1_43_10__0_1_1_79_2__0_1_1_51_2,0:1:1:1/0:1:1:1:3/0:1:1:43:10/0:1:1:79:2/0:1:1:51:2,52,ml01 Hörnchenschlüssel,leaf,fixed,normal-running reference; wearing/opening excluded,case-context,E-CAD,scope assumption,external review open,Case/strap accessory outside running chain; actual articulation or leather deformation is outside normal-running scope.,https://www.marcolangwatches.com/cad/ml01-zweigesicht-2/,f34148903818c273e20deeb0e70d3dc7782e08a413bc0e420f30d8c209aa4a2b
p_0_1_1_1__0_1_1_1_3__0_1_1_43_10__0_1_1_79_2__0_1_1_51_3,0:1:1:1/0:1:1:1:3/0:1:1:43:10/0:1:1:79:2/0:1:1:51:3,53,010-linzylans s120x180 k230x160 a140x210 ss,leaf,fixed,normal running,frame,E-CAD,assembly-role assumption,external review open,Support/fastener/dial structure at rest in normal running; fitting and conditional compliance need review where relevant.,https://www.marcolangwatches.com/cad/ml01-zweigesicht-2/,f34148903818c273e20deeb0e70d3dc7782e08a413bc0e420f30d8c209aa4a2b
p_0_1_1_1__0_1_1_1_3__0_1_1_43_10__0_1_1_79_2__0_1_1_51_4,0:1:1:1/0:1:1:1:3/0:1:1:43:10/0:1:1:79:2/0:1:1:51:4,53,010-linzylans s120x180 k230x160 a140x210 ss,leaf,fixed,normal running,frame,E-CAD,assembly-role assumption,external review open,Support/fastener/dial structure at rest in normal running; fitting and conditional compliance need review where relevant.,https://www.marcolangwatches.com/cad/ml01-zweigesicht-2/,f34148903818c273e20deeb0e70d3dc7782e08a413bc0e420f30d8c209aa4a2b
p_0_1_1_1__0_1_1_1_3__0_1_1_43_10__0_1_1_79_2__0_1_1_51_5,0:1:1:1/0:1:1:1:3/0:1:1:43:10/0:1:1:79:2/0:1:1:51:5,54,ml01 Hörnchenbügel SS,leaf,fixed,normal-running reference; wearing/opening excluded,case-context,E-CAD,scope assumption,external review open,Case/strap accessory outside running chain; actual articulation or leather deformation is outside normal-running scope.,https://www.marcolangwatches.com/cad/ml01-zweigesicht-2/,f34148903818c273e20deeb0e70d3dc7782e08a413bc0e420f30d8c209aa4a2b
p_0_1_1_1__0_1_1_1_3__0_1_1_43_10__0_1_1_79_2__0_1_1_51_6,0:1:1:1/0:1:1:1:3/0:1:1:43:10/0:1:1:79:2/0:1:1:51:6,55,"Schraubsteg 1,7x17,8",leaf,fixed,normal-running reference; wearing/opening excluded,case-context,E-CAD,scope assumption,external review open,Case/strap accessory outside running chain; actual articulation or leather deformation is outside normal-running scope.,https://www.marcolangwatches.com/cad/ml01-zweigesicht-2/,f34148903818c273e20deeb0e70d3dc7782e08a413bc0e420f30d8c209aa4a2b
p_0_1_1_1__0_1_1_1_3__0_1_1_43_10__0_1_1_79_2__0_1_1_51_7,0:1:1:1/0:1:1:1:3/0:1:1:43:10/0:1:1:79:2/0:1:1:51:7,56,ml01 Hörnchenblende SS,leaf,fixed,normal-running reference; wearing/opening excluded,case-context,E-CAD,scope assumption,external review open,Case/strap accessory outside running chain; actual articulation or leather deformation is outside normal-running scope.,https://www.marcolangwatches.com/cad/ml01-zweigesicht-2/,f34148903818c273e20deeb0e70d3dc7782e08a413bc0e420f30d8c209aa4a2b
p_0_1_1_1__0_1_1_1_3__0_1_1_43_10__0_1_1_79_2__0_1_1_51_8,0:1:1:1/0:1:1:1:3/0:1:1:43:10/0:1:1:79:2/0:1:1:51:8,57,010-linsenk s100x120 k140x50 ss,leaf,fixed,normal running,frame,E-CAD,assembly-role assumption,external review open,Support/fastener/dial structure at rest in normal running; fitting and conditional compliance need review where relevant.,https://www.marcolangwatches.com/cad/ml01-zweigesicht-2/,f34148903818c273e20deeb0e70d3dc7782e08a413bc0e420f30d8c209aa4a2b
p_0_1_1_1__0_1_1_1_3__0_1_1_43_10__0_1_1_79_2__0_1_1_51_9,0:1:1:1/0:1:1:1:3/0:1:1:43:10/0:1:1:79:2/0:1:1:51:9,57,010-linsenk s100x120 k140x50 ss,leaf,fixed,normal running,frame,E-CAD,assembly-role assumption,external review open,Support/fastener/dial structure at rest in normal running; fitting and conditional compliance need review where relevant.,https://www.marcolangwatches.com/cad/ml01-zweigesicht-2/,f34148903818c273e20deeb0e70d3dc7782e08a413bc0e420f30d8c209aa4a2b
p_0_1_1_1__0_1_1_1_3__0_1_1_43_10__0_1_1_79_3,0:1:1:1/0:1:1:1:3/0:1:1:43:10/0:1:1:79:3,81,Lederband 18mm M dunkelblau Lochseite,leaf,fixed,normal-running reference; wearing/opening excluded,case-context,E-CAD,scope assumption,external review open,Case/strap accessory outside running chain; actual articulation or leather deformation is outside normal-running scope.,https://www.marcolangwatches.com/cad/ml01-zweigesicht-2/,f34148903818c273e20deeb0e70d3dc7782e08a413bc0e420f30d8c209aa4a2b
p_0_1_1_1__0_1_1_1_3__0_1_1_43_10__0_1_1_79_4,0:1:1:1/0:1:1:1:3/0:1:1:43:10/0:1:1:79:4,82,Lederband 18mm M schwarz Lochseite,leaf,fixed,normal-running reference; wearing/opening excluded,case-context,E-CAD,scope assumption,external review open,Case/strap accessory outside running chain; actual articulation or leather deformation is outside normal-running scope.,https://www.marcolangwatches.com/cad/ml01-zweigesicht-2/,f34148903818c273e20deeb0e70d3dc7782e08a413bc0e420f30d8c209aa4a2b
p_0_1_1_1__0_1_1_1_4,0:1:1:1/0:1:1:1:4,83,ml01 Werk montiert einbaufertig,assembly,unresolved,aggregate; classify descendants individually,unassigned,U-COVERAGE,unresolved,external review open,Source hierarchy contains mixed or unproven motion; never rotate this assembly wholesale.,https://www.marcolangwatches.com/cad/ml01-zweigesicht-2/,f34148903818c273e20deeb0e70d3dc7782e08a413bc0e420f30d8c209aa4a2b
p_0_1_1_1__0_1_1_1_4__0_1_1_83_1,0:1:1:1/0:1:1:1:4/0:1:1:83:1,84,ml01 Federhaus2 montiert,assembly,unresolved,aggregate; classify descendants individually,unassigned,U-COVERAGE,unresolved,external review open,Source hierarchy contains mixed or unproven motion; never rotate this assembly wholesale.,https://www.marcolangwatches.com/cad/ml01-zweigesicht-2/,f34148903818c273e20deeb0e70d3dc7782e08a413bc0e420f30d8c209aa4a2b
p_0_1_1_1__0_1_1_1_4__0_1_1_83_1__0_1_1_84_1,0:1:1:1/0:1:1:1:4/0:1:1:83:1/0:1:1:84:1,85,"ml01 Federhaustrommel II z80 m0,15",leaf,unresolved,normal running,unassigned,U-BARREL,unresolved,external review open,Drum/cover/arbor/ratchet roles must be separated for series operation; normal-running driver not established.,https://www.marcolangwatches.com/cad/ml01-zweigesicht-2/,f34148903818c273e20deeb0e70d3dc7782e08a413bc0e420f30d8c209aa4a2b
p_0_1_1_1__0_1_1_1_4__0_1_1_83_1__0_1_1_84_2,0:1:1:1/0:1:1:1:4/0:1:1:83:1/0:1:1:84:2,86,ml01 Federhausdeckel II,leaf,unresolved,normal running,unassigned,U-BARREL,unresolved,external review open,Drum/cover/arbor/ratchet roles must be separated for series operation; normal-running driver not established.,https://www.marcolangwatches.com/cad/ml01-zweigesicht-2/,f34148903818c273e20deeb0e70d3dc7782e08a413bc0e420f30d8c209aa4a2b
p_0_1_1_1__0_1_1_1_4__0_1_1_83_1__0_1_1_84_3,0:1:1:1/0:1:1:1:4/0:1:1:83:1/0:1:1:84:3,87,ml01 Federkern1,leaf,unresolved,normal running,unassigned,U-BARREL,unresolved,external review open,Drum/cover/arbor/ratchet roles must be separated for series operation; normal-running driver not established.,https://www.marcolangwatches.com/cad/ml01-zweigesicht-2/,f34148903818c273e20deeb0e70d3dc7782e08a413bc0e420f30d8c209aa4a2b
p_0_1_1_1__0_1_1_1_4__0_1_1_83_1__0_1_1_84_4,0:1:1:1/0:1:1:1:4/0:1:1:83:1/0:1:1:84:4,88,"ml01 Zugfeder_h1,6_s0,145_l290",leaf,deforming,normal running,barrel-II-spring,E-CAD,"geometry-supported, law-unresolved",external review open,Elastic geometry requires constrained deformation and attachment frames (U-SPRING/U-BARREL).,https://www.marcolangwatches.com/cad/ml01-zweigesicht-2/,f34148903818c273e20deeb0e70d3dc7782e08a413bc0e420f30d8c209aa4a2b
p_0_1_1_1__0_1_1_1_4__0_1_1_83_2,0:1:1:1/0:1:1:1:4/0:1:1:83:2,89,ml01 Federhaus1 montiert,assembly,unresolved,aggregate; classify descendants individually,unassigned,U-COVERAGE,unresolved,external review open,Source hierarchy contains mixed or unproven motion; never rotate this assembly wholesale.,https://www.marcolangwatches.com/cad/ml01-zweigesicht-2/,f34148903818c273e20deeb0e70d3dc7782e08a413bc0e420f30d8c209aa4a2b
p_0_1_1_1__0_1_1_1_4__0_1_1_83_2__0_1_1_89_1,0:1:1:1/0:1:1:1:4/0:1:1:83:2/0:1:1:89:1,90,"ml01 Federhaustrommel I z80 m0,15",leaf,unresolved,normal running,unassigned,U-BARREL,unresolved,external review open,Drum/cover/arbor/ratchet roles must be separated for series operation; normal-running driver not established.,https://www.marcolangwatches.com/cad/ml01-zweigesicht-2/,f34148903818c273e20deeb0e70d3dc7782e08a413bc0e420f30d8c209aa4a2b
p_0_1_1_1__0_1_1_1_4__0_1_1_83_2__0_1_1_89_2,0:1:1:1/0:1:1:1:4/0:1:1:83:2/0:1:1:89:2,91,ml01 Federhausdeckel,leaf,unresolved,normal running,unassigned,U-BARREL,unresolved,external review open,Drum/cover/arbor/ratchet roles must be separated for series operation; normal-running driver not established.,https://www.marcolangwatches.com/cad/ml01-zweigesicht-2/,f34148903818c273e20deeb0e70d3dc7782e08a413bc0e420f30d8c209aa4a2b
p_0_1_1_1__0_1_1_1_4__0_1_1_83_2__0_1_1_89_3,0:1:1:1/0:1:1:1:4/0:1:1:83:2/0:1:1:89:3,87,ml01 Federkern1,leaf,unresolved,normal running,unassigned,U-BARREL,unresolved,external review open,Drum/cover/arbor/ratchet roles must be separated for series operation; normal-running driver not established.,https://www.marcolangwatches.com/cad/ml01-zweigesicht-2/,f34148903818c273e20deeb0e70d3dc7782e08a413bc0e420f30d8c209aa4a2b
p_0_1_1_1__0_1_1_1_4__0_1_1_83_2__0_1_1_89_4,0:1:1:1/0:1:1:1:4/0:1:1:83:2/0:1:1:89:4,88,"ml01 Zugfeder_h1,6_s0,145_l290",leaf,deforming,normal running,barrel-I-spring,E-CAD,"geometry-supported, law-unresolved",external review open,Elastic geometry requires constrained deformation and attachment frames (U-SPRING/U-BARREL).,https://www.marcolangwatches.com/cad/ml01-zweigesicht-2/,f34148903818c273e20deeb0e70d3dc7782e08a413bc0e420f30d8c209aa4a2b
p_0_1_1_1__0_1_1_1_4__0_1_1_83_3,0:1:1:1/0:1:1:1:4/0:1:1:83:3,92,ml01 Minutenrad vernietet,assembly,continuously-driven,normal running,minute,E-MECH,geometry-supported,external review open,Recorded rigid shaft member; cycle/sign/contact still open (U-ESC/U-TRAIN).,https://www.marcolangwatches.com/cad/ml01-zweigesicht-2/,f34148903818c273e20deeb0e70d3dc7782e08a413bc0e420f30d8c209aa4a2b
p_0_1_1_1__0_1_1_1_4__0_1_1_83_3__0_1_1_92_1,0:1:1:1/0:1:1:1:4/0:1:1:83:3/0:1:1:92:1,93,"ml01 Minutentrieb z12 m0,15",leaf,continuously-driven,normal running,minute,E-MECH,geometry-supported,external review open,Recorded rigid shaft member; cycle/sign/contact still open (U-ESC/U-TRAIN).,https://www.marcolangwatches.com/cad/ml01-zweigesicht-2/,f34148903818c273e20deeb0e70d3dc7782e08a413bc0e420f30d8c209aa4a2b
p_0_1_1_1__0_1_1_1_4__0_1_1_83_3__0_1_1_92_2,0:1:1:1/0:1:1:1:4/0:1:1:83:3/0:1:1:92:2,94,"ml01 Minutenrad z64 m0,13",leaf,continuously-driven,normal running,minute,E-MECH,geometry-supported,external review open,Recorded rigid shaft member; cycle/sign/contact still open (U-ESC/U-TRAIN).,https://www.marcolangwatches.com/cad/ml01-zweigesicht-2/,f34148903818c273e20deeb0e70d3dc7782e08a413bc0e420f30d8c209aa4a2b
p_0_1_1_1__0_1_1_1_4__0_1_1_83_3__0_1_1_92_3,0:1:1:1/0:1:1:1:4/0:1:1:83:3/0:1:1:92:3,95,ml01 Sekundenwellenlager,leaf,continuously-driven,normal running,minute,E-MECH,geometry-supported,external review open,Recorded rigid shaft member; cycle/sign/contact still open (U-ESC/U-TRAIN).,https://www.marcolangwatches.com/cad/ml01-zweigesicht-2/,f34148903818c273e20deeb0e70d3dc7782e08a413bc0e420f30d8c209aa4a2b
p_0_1_1_1__0_1_1_1_4__0_1_1_83_4,0:1:1:1/0:1:1:1:4/0:1:1:83:4,96,"ml01 ÜFHMinRad z26 m0,15",leaf,continuously-driven,normal running,upstream,E-ANIMATION,functional-assumption,external review open,Expected running wheel/rigid member; specific graph edges and phases remain candidates (U-UPSTREAM/U-DISPLAY).,https://www.marcolangwatches.com/cad/ml01-zweigesicht-2/,f34148903818c273e20deeb0e70d3dc7782e08a413bc0e420f30d8c209aa4a2b
p_0_1_1_1__0_1_1_1_4__0_1_1_83_5,0:1:1:1/0:1:1:1:4/0:1:1:83:5,97,"ml01 Kupplungsrad z17 m0,15",leaf,conditionally-driven,winding / setting / explicit correction; normal-running coupling unresolved for 97/172,unassigned,E-CAD,name/assembly assumption,external review open,Conditional input mechanism; determine mode and any back-drive before X1 (U-MODES).,https://www.marcolangwatches.com/cad/ml01-zweigesicht-2/,f34148903818c273e20deeb0e70d3dc7782e08a413bc0e420f30d8c209aa4a2b
p_0_1_1_1__0_1_1_1_4__0_1_1_83_6,0:1:1:1/0:1:1:1:4/0:1:1:83:6,98,ml01 Räderbrücke montiert,assembly,unresolved,aggregate; classify descendants individually,unassigned,U-COVERAGE,unresolved,external review open,Source hierarchy contains mixed or unproven motion; never rotate this assembly wholesale.,https://www.marcolangwatches.com/cad/ml01-zweigesicht-2/,f34148903818c273e20deeb0e70d3dc7782e08a413bc0e420f30d8c209aa4a2b
p_0_1_1_1__0_1_1_1_4__0_1_1_83_6__0_1_1_98_1,0:1:1:1/0:1:1:1:4/0:1:1:83:6/0:1:1:98:1,99,ml01 Räderbrücke,leaf,fixed,normal running,frame,E-CAD,assembly-role assumption,external review open,Support/fastener/dial structure at rest in normal running; fitting and conditional compliance need review where relevant.,https://www.marcolangwatches.com/cad/ml01-zweigesicht-2/,f34148903818c273e20deeb0e70d3dc7782e08a413bc0e420f30d8c209aa4a2b
p_0_1_1_1__0_1_1_1_4__0_1_1_83_6__0_1_1_98_2,0:1:1:1/0:1:1:1:4/0:1:1:83:6/0:1:1:98:2,100,ml01 Chaton RBR 149x210x60,leaf,fixed,normal running,frame,E-CAD,assembly-role assumption,external review open,Support/fastener/dial structure at rest in normal running; fitting and conditional compliance need review where relevant.,https://www.marcolangwatches.com/cad/ml01-zweigesicht-2/,f34148903818c273e20deeb0e70d3dc7782e08a413bc0e420f30d8c209aa4a2b
p_0_1_1_1__0_1_1_1_4__0_1_1_83_6__0_1_1_98_3,0:1:1:1/0:1:1:1:4/0:1:1:83:6/0:1:1:98:3,101,030-MG_30x160x30,leaf,fixed,normal running,frame,E-CAD,assembly-role assumption,external review open,Support/fastener/dial structure at rest in normal running; fitting and conditional compliance need review where relevant.,https://www.marcolangwatches.com/cad/ml01-zweigesicht-2/,f34148903818c273e20deeb0e70d3dc7782e08a413bc0e420f30d8c209aa4a2b
p_0_1_1_1__0_1_1_1_4__0_1_1_83_6__0_1_1_98_4,0:1:1:1/0:1:1:1:4/0:1:1:83:6/0:1:1:98:4,100,ml01 Chaton RBR 149x210x60,leaf,fixed,normal running,frame,E-CAD,assembly-role assumption,external review open,Support/fastener/dial structure at rest in normal running; fitting and conditional compliance need review where relevant.,https://www.marcolangwatches.com/cad/ml01-zweigesicht-2/,f34148903818c273e20deeb0e70d3dc7782e08a413bc0e420f30d8c209aa4a2b
p_0_1_1_1__0_1_1_1_4__0_1_1_83_6__0_1_1_98_5,0:1:1:1/0:1:1:1:4/0:1:1:83:6/0:1:1:98:5,101,030-MG_30x160x30,leaf,fixed,normal running,frame,E-CAD,assembly-role assumption,external review open,Support/fastener/dial structure at rest in normal running; fitting and conditional compliance need review where relevant.,https://www.marcolangwatches.com/cad/ml01-zweigesicht-2/,f34148903818c273e20deeb0e70d3dc7782e08a413bc0e420f30d8c209aa4a2b
p_0_1_1_1__0_1_1_1_4__0_1_1_83_6__0_1_1_98_6,0:1:1:1/0:1:1:1:4/0:1:1:83:6/0:1:1:98:6,102,030-BO_10x100x25,leaf,fixed,normal running,frame,E-CAD,assembly-role assumption,external review open,Support/fastener/dial structure at rest in normal running; fitting and conditional compliance need review where relevant.,https://www.marcolangwatches.com/cad/ml01-zweigesicht-2/,f34148903818c273e20deeb0e70d3dc7782e08a413bc0e420f30d8c209aa4a2b
p_0_1_1_1__0_1_1_1_4__0_1_1_83_6__0_1_1_98_7,0:1:1:1/0:1:1:1:4/0:1:1:83:6/0:1:1:98:7,103,020-50x165,leaf,fixed,normal running,frame,E-CAD,assembly-role assumption,external review open,Support/fastener/dial structure at rest in normal running; fitting and conditional compliance need review where relevant.,https://www.marcolangwatches.com/cad/ml01-zweigesicht-2/,f34148903818c273e20deeb0e70d3dc7782e08a413bc0e420f30d8c209aa4a2b
p_0_1_1_1__0_1_1_1_4__0_1_1_83_6__0_1_1_98_8,0:1:1:1/0:1:1:1:4/0:1:1:83:6/0:1:1:98:8,103,020-50x165,leaf,fixed,normal running,frame,E-CAD,assembly-role assumption,external review open,Support/fastener/dial structure at rest in normal running; fitting and conditional compliance need review where relevant.,https://www.marcolangwatches.com/cad/ml01-zweigesicht-2/,f34148903818c273e20deeb0e70d3dc7782e08a413bc0e420f30d8c209aa4a2b
p_0_1_1_1__0_1_1_1_4__0_1_1_83_6__0_1_1_98_9,0:1:1:1/0:1:1:1:4/0:1:1:83:6/0:1:1:98:9,104,ml01 Deckplättchen BR versteint,assembly,unresolved,aggregate; classify descendants individually,unassigned,U-COVERAGE,unresolved,external review open,Source hierarchy contains mixed or unproven motion; never rotate this assembly wholesale.,https://www.marcolangwatches.com/cad/ml01-zweigesicht-2/,f34148903818c273e20deeb0e70d3dc7782e08a413bc0e420f30d8c209aa4a2b
p_0_1_1_1__0_1_1_1_4__0_1_1_83_6__0_1_1_98_9__0_1_1_104_1,0:1:1:1/0:1:1:1:4/0:1:1:83:6/0:1:1:98:9/0:1:1:104:1,105,ml01 DPL RBR,leaf,fixed,normal running,frame,E-CAD,assembly-role assumption,external review open,Support/fastener/dial structure at rest in normal running; fitting and conditional compliance need review where relevant.,https://www.marcolangwatches.com/cad/ml01-zweigesicht-2/,f34148903818c273e20deeb0e70d3dc7782e08a413bc0e420f30d8c209aa4a2b
p_0_1_1_1__0_1_1_1_4__0_1_1_83_6__0_1_1_98_9__0_1_1_104_2,0:1:1:1/0:1:1:1:4/0:1:1:83:6/0:1:1:98:9/0:1:1:104:2,106,030-CB_100x25,leaf,fixed,normal running,frame,E-CAD,assembly-role assumption,external review open,Support/fastener/dial structure at rest in normal running; fitting and conditional compliance need review where relevant.,https://www.marcolangwatches.com/cad/ml01-zweigesicht-2/,f34148903818c273e20deeb0e70d3dc7782e08a413bc0e420f30d8c209aa4a2b
p_0_1_1_1__0_1_1_1_4__0_1_1_83_6__0_1_1_98_10,0:1:1:1/0:1:1:1:4/0:1:1:83:6/0:1:1:98:10,107,010-linsenk s50x55 k80x25,leaf,fixed,normal running,frame,E-CAD,assembly-role assumption,external review open,Support/fastener/dial structure at rest in normal running; fitting and conditional compliance need review where relevant.,https://www.marcolangwatches.com/cad/ml01-zweigesicht-2/,f34148903818c273e20deeb0e70d3dc7782e08a413bc0e420f30d8c209aa4a2b
p_0_1_1_1__0_1_1_1_4__0_1_1_83_6__0_1_1_98_11,0:1:1:1/0:1:1:1:4/0:1:1:83:6/0:1:1:98:11,107,010-linsenk s50x55 k80x25,leaf,fixed,normal running,frame,E-CAD,assembly-role assumption,external review open,Support/fastener/dial structure at rest in normal running; fitting and conditional compliance need review where relevant.,https://www.marcolangwatches.com/cad/ml01-zweigesicht-2/,f34148903818c273e20deeb0e70d3dc7782e08a413bc0e420f30d8c209aa4a2b
p_0_1_1_1__0_1_1_1_4__0_1_1_83_7,0:1:1:1/0:1:1:1:4/0:1:1:83:7,108,ml01 Unruh montiert vorreguliert,assembly,unresolved,aggregate; classify descendants individually,unassigned,U-COVERAGE,unresolved,external review open,Source hierarchy contains mixed or unproven motion; never rotate this assembly wholesale.,https://www.marcolangwatches.com/cad/ml01-zweigesicht-2/,f34148903818c273e20deeb0e70d3dc7782e08a413bc0e420f30d8c209aa4a2b
p_0_1_1_1__0_1_1_1_4__0_1_1_83_7__0_1_1_108_1,0:1:1:1/0:1:1:1:4/0:1:1:83:7/0:1:1:108:1,109,ml01 Unruh ohne Spirale,assembly,continuously-driven,normal running,balance,E-MECH,geometry-supported,external review open,Recorded rigid shaft member; cycle/sign/contact still open (U-ESC/U-TRAIN).,https://www.marcolangwatches.com/cad/ml01-zweigesicht-2/,f34148903818c273e20deeb0e70d3dc7782e08a413bc0e420f30d8c209aa4a2b
p_0_1_1_1__0_1_1_1_4__0_1_1_83_7__0_1_1_108_1__0_1_1_109_1,0:1:1:1/0:1:1:1:4/0:1:1:83:7/0:1:1:108:1/0:1:1:109:1,110,ml01 Unruhreif,leaf,continuously-driven,normal running,balance,E-MECH,geometry-supported,external review open,Recorded rigid shaft member; cycle/sign/contact still open (U-ESC/U-TRAIN).,https://www.marcolangwatches.com/cad/ml01-zweigesicht-2/,f34148903818c273e20deeb0e70d3dc7782e08a413bc0e420f30d8c209aa4a2b
p_0_1_1_1__0_1_1_1_4__0_1_1_83_7__0_1_1_108_1__0_1_1_109_2,0:1:1:1/0:1:1:1:4/0:1:1:83:7/0:1:1:108:1/0:1:1:109:2,111,ml01 Unruhexcenter,leaf,continuously-driven,normal running,balance,E-MECH,geometry-supported,external review open,Recorded rigid shaft member; cycle/sign/contact still open (U-ESC/U-TRAIN).,https://www.marcolangwatches.com/cad/ml01-zweigesicht-2/,f34148903818c273e20deeb0e70d3dc7782e08a413bc0e420f30d8c209aa4a2b
p_0_1_1_1__0_1_1_1_4__0_1_1_83_7__0_1_1_108_1__0_1_1_109_3,0:1:1:1/0:1:1:1:4/0:1:1:83:7/0:1:1:108:1/0:1:1:109:3,111,ml01 Unruhexcenter,leaf,continuously-driven,normal running,balance,E-MECH,geometry-supported,external review open,Recorded rigid shaft member; cycle/sign/contact still open (U-ESC/U-TRAIN).,https://www.marcolangwatches.com/cad/ml01-zweigesicht-2/,f34148903818c273e20deeb0e70d3dc7782e08a413bc0e420f30d8c209aa4a2b
p_0_1_1_1__0_1_1_1_4__0_1_1_83_7__0_1_1_108_1__0_1_1_109_4,0:1:1:1/0:1:1:1:4/0:1:1:83:7/0:1:1:108:1/0:1:1:109:4,111,ml01 Unruhexcenter,leaf,continuously-driven,normal running,balance,E-MECH,geometry-supported,external review open,Recorded rigid shaft member; cycle/sign/contact still open (U-ESC/U-TRAIN).,https://www.marcolangwatches.com/cad/ml01-zweigesicht-2/,f34148903818c273e20deeb0e70d3dc7782e08a413bc0e420f30d8c209aa4a2b
p_0_1_1_1__0_1_1_1_4__0_1_1_83_7__0_1_1_108_1__0_1_1_109_5,0:1:1:1/0:1:1:1:4/0:1:1:83:7/0:1:1:108:1/0:1:1:109:5,111,ml01 Unruhexcenter,leaf,continuously-driven,normal running,balance,E-MECH,geometry-supported,external review open,Recorded rigid shaft member; cycle/sign/contact still open (U-ESC/U-TRAIN).,https://www.marcolangwatches.com/cad/ml01-zweigesicht-2/,f34148903818c273e20deeb0e70d3dc7782e08a413bc0e420f30d8c209aa4a2b
p_0_1_1_1__0_1_1_1_4__0_1_1_83_7__0_1_1_108_1__0_1_1_109_6,0:1:1:1/0:1:1:1:4/0:1:1:83:7/0:1:1:108:1/0:1:1:109:6,112,Ellipse 35,leaf,continuously-driven,normal running,balance,E-MECH,geometry-supported,external review open,Recorded rigid shaft member; cycle/sign/contact still open (U-ESC/U-TRAIN).,https://www.marcolangwatches.com/cad/ml01-zweigesicht-2/,f34148903818c273e20deeb0e70d3dc7782e08a413bc0e420f30d8c209aa4a2b
p_0_1_1_1__0_1_1_1_4__0_1_1_83_7__0_1_1_108_1__0_1_1_109_7,0:1:1:1/0:1:1:1:4/0:1:1:83:7/0:1:1:108:1/0:1:1:109:7,113,ml01 Unruhwelle,leaf,continuously-driven,normal running,balance,E-MECH,geometry-supported,external review open,Recorded rigid shaft member; cycle/sign/contact still open (U-ESC/U-TRAIN).,https://www.marcolangwatches.com/cad/ml01-zweigesicht-2/,f34148903818c273e20deeb0e70d3dc7782e08a413bc0e420f30d8c209aa4a2b
p_0_1_1_1__0_1_1_1_4__0_1_1_83_7__0_1_1_108_1__0_1_1_109_8,0:1:1:1/0:1:1:1:4/0:1:1:83:7/0:1:1:108:1/0:1:1:109:8,114,ml01 Doppelrolle,leaf,continuously-driven,normal running,balance,E-MECH,geometry-supported,external review open,Recorded rigid shaft member; cycle/sign/contact still open (U-ESC/U-TRAIN).,https://www.marcolangwatches.com/cad/ml01-zweigesicht-2/,f34148903818c273e20deeb0e70d3dc7782e08a413bc0e420f30d8c209aa4a2b
p_0_1_1_1__0_1_1_1_4__0_1_1_83_7__0_1_1_108_2,0:1:1:1/0:1:1:1:4/0:1:1:83:7/0:1:1:108:2,115,ml01 Spiralrolle,leaf,continuously-driven,normal running,balance,E-MECH,geometry-supported,external review open,Recorded rigid shaft member; cycle/sign/contact still open (U-ESC/U-TRAIN).,https://www.marcolangwatches.com/cad/ml01-zweigesicht-2/,f34148903818c273e20deeb0e70d3dc7782e08a413bc0e420f30d8c209aa4a2b
p_0_1_1_1__0_1_1_1_4__0_1_1_83_7__0_1_1_108_3,0:1:1:1/0:1:1:1:4/0:1:1:83:7/0:1:1:108:3,116,ml01 Spirale mit Rolle,leaf,deforming,normal running,hairspring,E-MECH,"geometry-supported, law-unresolved",external review open,Elastic geometry requires constrained deformation and attachment frames (U-SPRING/U-BARREL).,https://www.marcolangwatches.com/cad/ml01-zweigesicht-2/,f34148903818c273e20deeb0e70d3dc7782e08a413bc0e420f30d8c209aa4a2b
p_0_1_1_1__0_1_1_1_4__0_1_1_83_7__0_1_1_108_4,0:1:1:1/0:1:1:1:4/0:1:1:83:7/0:1:1:108:4,117,ml01 Klötzchen,leaf,fixed,normal running,frame,E-CAD,assembly-role assumption,external review open,Support/fastener/dial structure at rest in normal running; fitting and conditional compliance need review where relevant.,https://www.marcolangwatches.com/cad/ml01-zweigesicht-2/,f34148903818c273e20deeb0e70d3dc7782e08a413bc0e420f30d8c209aa4a2b
p_0_1_1_1__0_1_1_1_4__0_1_1_83_7__0_1_1_108_5,0:1:1:1/0:1:1:1:4/0:1:1:83:7/0:1:1:108:5,118,020-30x80 kon ms,leaf,fixed,normal running,frame,E-CAD,assembly-role assumption,external review open,Support/fastener/dial structure at rest in normal running; fitting and conditional compliance need review where relevant.,https://www.marcolangwatches.com/cad/ml01-zweigesicht-2/,f34148903818c273e20deeb0e70d3dc7782e08a413bc0e420f30d8c209aa4a2b
p_0_1_1_1__0_1_1_1_4__0_1_1_83_8,0:1:1:1/0:1:1:1:4/0:1:1:83:8,119,ml01 Deckplättchen WPL versteint,assembly,unresolved,aggregate; classify descendants individually,unassigned,U-COVERAGE,unresolved,external review open,Source hierarchy contains mixed or unproven motion; never rotate this assembly wholesale.,https://www.marcolangwatches.com/cad/ml01-zweigesicht-2/,f34148903818c273e20deeb0e70d3dc7782e08a413bc0e420f30d8c209aa4a2b
p_0_1_1_1__0_1_1_1_4__0_1_1_83_8__0_1_1_119_1,0:1:1:1/0:1:1:1:4/0:1:1:83:8/0:1:1:119:1,120,ml01 DPL WPL,leaf,fixed,normal running,frame,E-CAD,assembly-role assumption,external review open,Support/fastener/dial structure at rest in normal running; fitting and conditional compliance need review where relevant.,https://www.marcolangwatches.com/cad/ml01-zweigesicht-2/,f34148903818c273e20deeb0e70d3dc7782e08a413bc0e420f30d8c209aa4a2b
p_0_1_1_1__0_1_1_1_4__0_1_1_83_8__0_1_1_119_2,0:1:1:1/0:1:1:1:4/0:1:1:83:8/0:1:1:119:2,106,030-CB_100x25,leaf,fixed,normal running,frame,E-CAD,assembly-role assumption,external review open,Support/fastener/dial structure at rest in normal running; fitting and conditional compliance need review where relevant.,https://www.marcolangwatches.com/cad/ml01-zweigesicht-2/,f34148903818c273e20deeb0e70d3dc7782e08a413bc0e420f30d8c209aa4a2b
p_0_1_1_1__0_1_1_1_4__0_1_1_83_9,0:1:1:1/0:1:1:1:4/0:1:1:83:9,121,Flitter 200x400,leaf,unresolved,normal running,unassigned,U-COVERAGE,unresolved,external review open,Mechanical role or ownership not established; do not default to driven.,https://www.marcolangwatches.com/cad/ml01-zweigesicht-2/,f34148903818c273e20deeb0e70d3dc7782e08a413bc0e420f30d8c209aa4a2b
p_0_1_1_1__0_1_1_1_4__0_1_1_83_10,0:1:1:1/0:1:1:1:4/0:1:1:83:10,122,010-zylsenk s80x120 k125x40,leaf,fixed,normal running,frame,E-CAD,assembly-role assumption,external review open,Support/fastener/dial structure at rest in normal running; fitting and conditional compliance need review where relevant.,https://www.marcolangwatches.com/cad/ml01-zweigesicht-2/,f34148903818c273e20deeb0e70d3dc7782e08a413bc0e420f30d8c209aa4a2b
p_0_1_1_1__0_1_1_1_4__0_1_1_83_11,0:1:1:1/0:1:1:1:4/0:1:1:83:11,123,010-linzyl s50x75 k95x25,leaf,fixed,normal running,frame,E-CAD,assembly-role assumption,external review open,Support/fastener/dial structure at rest in normal running; fitting and conditional compliance need review where relevant.,https://www.marcolangwatches.com/cad/ml01-zweigesicht-2/,f34148903818c273e20deeb0e70d3dc7782e08a413bc0e420f30d8c209aa4a2b
p_0_1_1_1__0_1_1_1_4__0_1_1_83_12,0:1:1:1/0:1:1:1:4/0:1:1:83:12,124,020-50x100,leaf,fixed,normal running,frame,E-CAD,assembly-role assumption,external review open,Support/fastener/dial structure at rest in normal running; fitting and conditional compliance need review where relevant.,https://www.marcolangwatches.com/cad/ml01-zweigesicht-2/,f34148903818c273e20deeb0e70d3dc7782e08a413bc0e420f30d8c209aa4a2b
p_0_1_1_1__0_1_1_1_4__0_1_1_83_13,0:1:1:1/0:1:1:1:4/0:1:1:83:13,125,ml01 Anker montiert,assembly,continuously-driven,normal running,pallet,E-MECH,geometry-supported,external review open,Recorded rigid shaft member; cycle/sign/contact still open (U-ESC/U-TRAIN).,https://www.marcolangwatches.com/cad/ml01-zweigesicht-2/,f34148903818c273e20deeb0e70d3dc7782e08a413bc0e420f30d8c209aa4a2b
p_0_1_1_1__0_1_1_1_4__0_1_1_83_13__0_1_1_125_1,0:1:1:1/0:1:1:1:4/0:1:1:83:13/0:1:1:125:1,126,ml01 Ankerkörper Niv20.5,leaf,continuously-driven,normal running,pallet,E-MECH,geometry-supported,external review open,Recorded rigid shaft member; cycle/sign/contact still open (U-ESC/U-TRAIN).,https://www.marcolangwatches.com/cad/ml01-zweigesicht-2/,f34148903818c273e20deeb0e70d3dc7782e08a413bc0e420f30d8c209aa4a2b
p_0_1_1_1__0_1_1_1_4__0_1_1_83_13__0_1_1_125_2,0:1:1:1/0:1:1:1:4/0:1:1:83:13/0:1:1:125:2,127,ml01 Ankerwelle,leaf,continuously-driven,normal running,pallet,E-MECH,geometry-supported,external review open,Recorded rigid shaft member; cycle/sign/contact still open (U-ESC/U-TRAIN).,https://www.marcolangwatches.com/cad/ml01-zweigesicht-2/,f34148903818c273e20deeb0e70d3dc7782e08a413bc0e420f30d8c209aa4a2b
p_0_1_1_1__0_1_1_1_4__0_1_1_83_13__0_1_1_125_3,0:1:1:1/0:1:1:1:4/0:1:1:83:13/0:1:1:125:3,128,030-27x100x57°x30,leaf,continuously-driven,normal running,pallet,E-MECH,geometry-supported,external review open,Recorded rigid shaft member; cycle/sign/contact still open (U-ESC/U-TRAIN).,https://www.marcolangwatches.com/cad/ml01-zweigesicht-2/,f34148903818c273e20deeb0e70d3dc7782e08a413bc0e420f30d8c209aa4a2b
p_0_1_1_1__0_1_1_1_4__0_1_1_83_13__0_1_1_125_4,0:1:1:1/0:1:1:1:4/0:1:1:83:13/0:1:1:125:4,128,030-27x100x57°x30,leaf,continuously-driven,normal running,pallet,E-MECH,geometry-supported,external review open,Recorded rigid shaft member; cycle/sign/contact still open (U-ESC/U-TRAIN).,https://www.marcolangwatches.com/cad/ml01-zweigesicht-2/,f34148903818c273e20deeb0e70d3dc7782e08a413bc0e420f30d8c209aa4a2b
p_0_1_1_1__0_1_1_1_4__0_1_1_83_13__0_1_1_125_5,0:1:1:1/0:1:1:1:4/0:1:1:83:13/0:1:1:125:5,129,ml01 Ankerhörnchen,leaf,continuously-driven,normal running,pallet,E-MECH,geometry-supported,external review open,Recorded rigid shaft member; cycle/sign/contact still open (U-ESC/U-TRAIN).,https://www.marcolangwatches.com/cad/ml01-zweigesicht-2/,f34148903818c273e20deeb0e70d3dc7782e08a413bc0e420f30d8c209aa4a2b
p_0_1_1_1__0_1_1_1_4__0_1_1_83_13__0_1_1_125_6,0:1:1:1/0:1:1:1:4/0:1:1:83:13/0:1:1:125:6,130,ml01 Messer Niv20.5,leaf,continuously-driven,normal running,pallet,E-MECH,geometry-supported,external review open,Recorded rigid shaft member; cycle/sign/contact still open (U-ESC/U-TRAIN).,https://www.marcolangwatches.com/cad/ml01-zweigesicht-2/,f34148903818c273e20deeb0e70d3dc7782e08a413bc0e420f30d8c209aa4a2b
p_0_1_1_1__0_1_1_1_4__0_1_1_83_14,0:1:1:1/0:1:1:1:4/0:1:1:83:14,131,"ml01 Sperrrad z62 m0,20",leaf,unresolved,normal running,unassigned,U-BARREL,unresolved,external review open,Drum/cover/arbor/ratchet roles must be separated for series operation; normal-running driver not established.,https://www.marcolangwatches.com/cad/ml01-zweigesicht-2/,f34148903818c273e20deeb0e70d3dc7782e08a413bc0e420f30d8c209aa4a2b
p_0_1_1_1__0_1_1_1_4__0_1_1_83_15,0:1:1:1/0:1:1:1:4/0:1:1:83:15,131,"ml01 Sperrrad z62 m0,20",leaf,unresolved,normal running,unassigned,U-BARREL,unresolved,external review open,Drum/cover/arbor/ratchet roles must be separated for series operation; normal-running driver not established.,https://www.marcolangwatches.com/cad/ml01-zweigesicht-2/,f34148903818c273e20deeb0e70d3dc7782e08a413bc0e420f30d8c209aa4a2b
p_0_1_1_1__0_1_1_1_4__0_1_1_83_16,0:1:1:1/0:1:1:1:4/0:1:1:83:16,132,ml01 Ankerbrücke verstiftet versteint,assembly,unresolved,aggregate; classify descendants individually,unassigned,U-COVERAGE,unresolved,external review open,Source hierarchy contains mixed or unproven motion; never rotate this assembly wholesale.,https://www.marcolangwatches.com/cad/ml01-zweigesicht-2/,f34148903818c273e20deeb0e70d3dc7782e08a413bc0e420f30d8c209aa4a2b
p_0_1_1_1__0_1_1_1_4__0_1_1_83_16__0_1_1_132_1,0:1:1:1/0:1:1:1:4/0:1:1:83:16/0:1:1:132:1,133,ml01 Ankerbrücke,leaf,fixed,normal running,frame,E-CAD,assembly-role assumption,external review open,Support/fastener/dial structure at rest in normal running; fitting and conditional compliance need review where relevant.,https://www.marcolangwatches.com/cad/ml01-zweigesicht-2/,f34148903818c273e20deeb0e70d3dc7782e08a413bc0e420f30d8c209aa4a2b
p_0_1_1_1__0_1_1_1_4__0_1_1_83_16__0_1_1_132_2,0:1:1:1/0:1:1:1:4/0:1:1:83:16/0:1:1:132:2,134,030-GO_10x100x22,leaf,fixed,normal running,frame,E-CAD,assembly-role assumption,external review open,Support/fastener/dial structure at rest in normal running; fitting and conditional compliance need review where relevant.,https://www.marcolangwatches.com/cad/ml01-zweigesicht-2/,f34148903818c273e20deeb0e70d3dc7782e08a413bc0e420f30d8c209aa4a2b
p_0_1_1_1__0_1_1_1_4__0_1_1_83_16__0_1_1_132_3,0:1:1:1/0:1:1:1:4/0:1:1:83:16/0:1:1:132:3,135,020-40x80,leaf,fixed,normal running,frame,E-CAD,assembly-role assumption,external review open,Support/fastener/dial structure at rest in normal running; fitting and conditional compliance need review where relevant.,https://www.marcolangwatches.com/cad/ml01-zweigesicht-2/,f34148903818c273e20deeb0e70d3dc7782e08a413bc0e420f30d8c209aa4a2b
p_0_1_1_1__0_1_1_1_4__0_1_1_83_16__0_1_1_132_4,0:1:1:1/0:1:1:1:4/0:1:1:83:16/0:1:1:132:4,135,020-40x80,leaf,fixed,normal running,frame,E-CAD,assembly-role assumption,external review open,Support/fastener/dial structure at rest in normal running; fitting and conditional compliance need review where relevant.,https://www.marcolangwatches.com/cad/ml01-zweigesicht-2/,f34148903818c273e20deeb0e70d3dc7782e08a413bc0e420f30d8c209aa4a2b
p_0_1_1_1__0_1_1_1_4__0_1_1_83_17,0:1:1:1/0:1:1:1:4/0:1:1:83:17,136,010-zyl s80x220 k160x50,leaf,fixed,normal running,frame,E-CAD,assembly-role assumption,external review open,Support/fastener/dial structure at rest in normal running; fitting and conditional compliance need review where relevant.,https://www.marcolangwatches.com/cad/ml01-zweigesicht-2/,f34148903818c273e20deeb0e70d3dc7782e08a413bc0e420f30d8c209aa4a2b
p_0_1_1_1__0_1_1_1_4__0_1_1_83_18,0:1:1:1/0:1:1:1:4/0:1:1:83:18,136,010-zyl s80x220 k160x50,leaf,fixed,normal running,frame,E-CAD,assembly-role assumption,external review open,Support/fastener/dial structure at rest in normal running; fitting and conditional compliance need review where relevant.,https://www.marcolangwatches.com/cad/ml01-zweigesicht-2/,f34148903818c273e20deeb0e70d3dc7782e08a413bc0e420f30d8c209aa4a2b
p_0_1_1_1__0_1_1_1_4__0_1_1_83_19,0:1:1:1/0:1:1:1:4/0:1:1:83:19,136,010-zyl s80x220 k160x50,leaf,fixed,normal running,frame,E-CAD,assembly-role assumption,external review open,Support/fastener/dial structure at rest in normal running; fitting and conditional compliance need review where relevant.,https://www.marcolangwatches.com/cad/ml01-zweigesicht-2/,f34148903818c273e20deeb0e70d3dc7782e08a413bc0e420f30d8c209aa4a2b
p_0_1_1_1__0_1_1_1_4__0_1_1_83_20,0:1:1:1/0:1:1:1:4/0:1:1:83:20,137,"ml01 Viertelrohr1 z12 m0,177",leaf,continuously-driven,normal running,display-works,E-ANIMATION,functional-assumption,external review open,Expected running wheel/rigid member; specific graph edges and phases remain candidates (U-UPSTREAM/U-DISPLAY).,https://www.marcolangwatches.com/cad/ml01-zweigesicht-2/,f34148903818c273e20deeb0e70d3dc7782e08a413bc0e420f30d8c209aa4a2b
p_0_1_1_1__0_1_1_1_4__0_1_1_83_21,0:1:1:1/0:1:1:1:4/0:1:1:83:21,136,010-zyl s80x220 k160x50,leaf,fixed,normal running,frame,E-CAD,assembly-role assumption,external review open,Support/fastener/dial structure at rest in normal running; fitting and conditional compliance need review where relevant.,https://www.marcolangwatches.com/cad/ml01-zweigesicht-2/,f34148903818c273e20deeb0e70d3dc7782e08a413bc0e420f30d8c209aa4a2b
p_0_1_1_1__0_1_1_1_4__0_1_1_83_22,0:1:1:1/0:1:1:1:4/0:1:1:83:22,138,010-zyl s80x190 k160x50,leaf,fixed,normal running,frame,E-CAD,assembly-role assumption,external review open,Support/fastener/dial structure at rest in normal running; fitting and conditional compliance need review where relevant.,https://www.marcolangwatches.com/cad/ml01-zweigesicht-2/,f34148903818c273e20deeb0e70d3dc7782e08a413bc0e420f30d8c209aa4a2b
p_0_1_1_1__0_1_1_1_4__0_1_1_83_23,0:1:1:1/0:1:1:1:4/0:1:1:83:23,138,010-zyl s80x190 k160x50,leaf,fixed,normal running,frame,E-CAD,assembly-role assumption,external review open,Support/fastener/dial structure at rest in normal running; fitting and conditional compliance need review where relevant.,https://www.marcolangwatches.com/cad/ml01-zweigesicht-2/,f34148903818c273e20deeb0e70d3dc7782e08a413bc0e420f30d8c209aa4a2b
p_0_1_1_1__0_1_1_1_4__0_1_1_83_24,0:1:1:1/0:1:1:1:4/0:1:1:83:24,136,010-zyl s80x220 k160x50,leaf,fixed,normal running,frame,E-CAD,assembly-role assumption,external review open,Support/fastener/dial structure at rest in normal running; fitting and conditional compliance need review where relevant.,https://www.marcolangwatches.com/cad/ml01-zweigesicht-2/,f34148903818c273e20deeb0e70d3dc7782e08a413bc0e420f30d8c209aa4a2b
p_0_1_1_1__0_1_1_1_4__0_1_1_83_25,0:1:1:1/0:1:1:1:4/0:1:1:83:25,139,010-zyl s70x110 k180x30,leaf,fixed,normal running,frame,E-CAD,assembly-role assumption,external review open,Support/fastener/dial structure at rest in normal running; fitting and conditional compliance need review where relevant.,https://www.marcolangwatches.com/cad/ml01-zweigesicht-2/,f34148903818c273e20deeb0e70d3dc7782e08a413bc0e420f30d8c209aa4a2b
p_0_1_1_1__0_1_1_1_4__0_1_1_83_26,0:1:1:1/0:1:1:1:4/0:1:1:83:26,140,ml01 Stundenrad1 vernietet,assembly,continuously-driven,normal running,display-works,E-ANIMATION,functional-assumption,external review open,Expected running wheel/rigid member; specific graph edges and phases remain candidates (U-UPSTREAM/U-DISPLAY).,https://www.marcolangwatches.com/cad/ml01-zweigesicht-2/,f34148903818c273e20deeb0e70d3dc7782e08a413bc0e420f30d8c209aa4a2b
p_0_1_1_1__0_1_1_1_4__0_1_1_83_26__0_1_1_140_1,0:1:1:1/0:1:1:1:4/0:1:1:83:26/0:1:1:140:1,141,"ml01 Stundenrad1 z40 m0,17",leaf,continuously-driven,normal running,display-works,E-ANIMATION,functional-assumption,external review open,Expected running wheel/rigid member; specific graph edges and phases remain candidates (U-UPSTREAM/U-DISPLAY).,https://www.marcolangwatches.com/cad/ml01-zweigesicht-2/,f34148903818c273e20deeb0e70d3dc7782e08a413bc0e420f30d8c209aa4a2b
p_0_1_1_1__0_1_1_1_4__0_1_1_83_26__0_1_1_140_2,0:1:1:1/0:1:1:1:4/0:1:1:83:26/0:1:1:140:2,142,ml01 Butzen Stundenrad1,leaf,continuously-driven,normal running,display-works,E-ANIMATION,functional-assumption,external review open,Expected running wheel/rigid member; specific graph edges and phases remain candidates (U-UPSTREAM/U-DISPLAY).,https://www.marcolangwatches.com/cad/ml01-zweigesicht-2/,f34148903818c273e20deeb0e70d3dc7782e08a413bc0e420f30d8c209aa4a2b
p_0_1_1_1__0_1_1_1_4__0_1_1_83_27,0:1:1:1/0:1:1:1:4/0:1:1:83:27,143,ml01 Aufzugwelle,leaf,conditionally-driven,winding / setting / explicit correction; normal-running coupling unresolved for 97/172,unassigned,E-CAD,name/assembly assumption,external review open,Conditional input mechanism; determine mode and any back-drive before X1 (U-MODES).,https://www.marcolangwatches.com/cad/ml01-zweigesicht-2/,f34148903818c273e20deeb0e70d3dc7782e08a413bc0e420f30d8c209aa4a2b
p_0_1_1_1__0_1_1_1_4__0_1_1_83_28,0:1:1:1/0:1:1:1:4/0:1:1:83:28,144,ml01 Kupplungstrieb,leaf,conditionally-driven,winding / setting / explicit correction; normal-running coupling unresolved for 97/172,unassigned,E-CAD,name/assembly assumption,external review open,Conditional input mechanism; determine mode and any back-drive before X1 (U-MODES).,https://www.marcolangwatches.com/cad/ml01-zweigesicht-2/,f34148903818c273e20deeb0e70d3dc7782e08a413bc0e420f30d8c209aa4a2b
p_0_1_1_1__0_1_1_1_4__0_1_1_83_29,0:1:1:1/0:1:1:1:4/0:1:1:83:29,145,shock indication montiert,assembly,unresolved,aggregate; classify descendants individually,unassigned,U-COVERAGE,unresolved,external review open,Source hierarchy contains mixed or unproven motion; never rotate this assembly wholesale.,https://www.marcolangwatches.com/cad/ml01-zweigesicht-2/,f34148903818c273e20deeb0e70d3dc7782e08a413bc0e420f30d8c209aa4a2b
p_0_1_1_1__0_1_1_1_4__0_1_1_83_29__0_1_1_145_1,0:1:1:1/0:1:1:1:4/0:1:1:83:29/0:1:1:145:1,146,ml01 si Grundplatte verstiftet,assembly,unresolved,aggregate; classify descendants individually,unassigned,U-COVERAGE,unresolved,external review open,Source hierarchy contains mixed or unproven motion; never rotate this assembly wholesale.,https://www.marcolangwatches.com/cad/ml01-zweigesicht-2/,f34148903818c273e20deeb0e70d3dc7782e08a413bc0e420f30d8c209aa4a2b
p_0_1_1_1__0_1_1_1_4__0_1_1_83_29__0_1_1_145_1__0_1_1_146_1,0:1:1:1/0:1:1:1:4/0:1:1:83:29/0:1:1:145:1/0:1:1:146:1,147,ml01 si Grundplatte,leaf,fixed,normal running,frame,E-CAD,assembly-role assumption,external review open,Support/fastener/dial structure at rest in normal running; fitting and conditional compliance need review where relevant.,https://www.marcolangwatches.com/cad/ml01-zweigesicht-2/,f34148903818c273e20deeb0e70d3dc7782e08a413bc0e420f30d8c209aa4a2b
p_0_1_1_1__0_1_1_1_4__0_1_1_83_29__0_1_1_145_1__0_1_1_146_2,0:1:1:1/0:1:1:1:4/0:1:1:83:29/0:1:1:145:1/0:1:1:146:2,148,020-50x220,leaf,fixed,normal running,frame,E-CAD,assembly-role assumption,external review open,Support/fastener/dial structure at rest in normal running; fitting and conditional compliance need review where relevant.,https://www.marcolangwatches.com/cad/ml01-zweigesicht-2/,f34148903818c273e20deeb0e70d3dc7782e08a413bc0e420f30d8c209aa4a2b
p_0_1_1_1__0_1_1_1_4__0_1_1_83_29__0_1_1_145_1__0_1_1_146_3,0:1:1:1/0:1:1:1:4/0:1:1:83:29/0:1:1:145:1/0:1:1:146:3,148,020-50x220,leaf,fixed,normal running,frame,E-CAD,assembly-role assumption,external review open,Support/fastener/dial structure at rest in normal running; fitting and conditional compliance need review where relevant.,https://www.marcolangwatches.com/cad/ml01-zweigesicht-2/,f34148903818c273e20deeb0e70d3dc7782e08a413bc0e420f30d8c209aa4a2b
p_0_1_1_1__0_1_1_1_4__0_1_1_83_29__0_1_1_145_1__0_1_1_146_4,0:1:1:1/0:1:1:1:4/0:1:1:83:29/0:1:1:145:1/0:1:1:146:4,149,020-50x200,leaf,fixed,normal running,frame,E-CAD,assembly-role assumption,external review open,Support/fastener/dial structure at rest in normal running; fitting and conditional compliance need review where relevant.,https://www.marcolangwatches.com/cad/ml01-zweigesicht-2/,f34148903818c273e20deeb0e70d3dc7782e08a413bc0e420f30d8c209aa4a2b
p_0_1_1_1__0_1_1_1_4__0_1_1_83_29__0_1_1_145_1__0_1_1_146_5,0:1:1:1/0:1:1:1:4/0:1:1:83:29/0:1:1:145:1/0:1:1:146:5,124,020-50x100,leaf,fixed,normal running,frame,E-CAD,assembly-role assumption,external review open,Support/fastener/dial structure at rest in normal running; fitting and conditional compliance need review where relevant.,https://www.marcolangwatches.com/cad/ml01-zweigesicht-2/,f34148903818c273e20deeb0e70d3dc7782e08a413bc0e420f30d8c209aa4a2b
p_0_1_1_1__0_1_1_1_4__0_1_1_83_29__0_1_1_145_1__0_1_1_146_6,0:1:1:1/0:1:1:1:4/0:1:1:83:29/0:1:1:145:1/0:1:1:146:6,150,020-50x130,leaf,fixed,normal running,frame,E-CAD,assembly-role assumption,external review open,Support/fastener/dial structure at rest in normal running; fitting and conditional compliance need review where relevant.,https://www.marcolangwatches.com/cad/ml01-zweigesicht-2/,f34148903818c273e20deeb0e70d3dc7782e08a413bc0e420f30d8c209aa4a2b
p_0_1_1_1__0_1_1_1_4__0_1_1_83_29__0_1_1_145_1__0_1_1_146_7,0:1:1:1/0:1:1:1:4/0:1:1:83:29/0:1:1:145:1/0:1:1:146:7,149,020-50x200,leaf,fixed,normal running,frame,E-CAD,assembly-role assumption,external review open,Support/fastener/dial structure at rest in normal running; fitting and conditional compliance need review where relevant.,https://www.marcolangwatches.com/cad/ml01-zweigesicht-2/,f34148903818c273e20deeb0e70d3dc7782e08a413bc0e420f30d8c209aa4a2b
p_0_1_1_1__0_1_1_1_4__0_1_1_83_29__0_1_1_145_2,0:1:1:1/0:1:1:1:4/0:1:1:83:29/0:1:1:145:2,151,ml01 si GabelY,leaf,conditionally-driven,shock/reset only,unassigned,E-CAD,name/assembly assumption,external review open,Indicator moving-member candidate; pivots and response unresolved (U-SHOCK).,https://www.marcolangwatches.com/cad/ml01-zweigesicht-2/,f34148903818c273e20deeb0e70d3dc7782e08a413bc0e420f30d8c209aa4a2b
p_0_1_1_1__0_1_1_1_4__0_1_1_83_29__0_1_1_145_3,0:1:1:1/0:1:1:1:4/0:1:1:83:29/0:1:1:145:3,152,ml01 si GabelY UPlatte,leaf,conditionally-driven,shock/reset only,unassigned,E-CAD,name/assembly assumption,external review open,Indicator moving-member candidate; pivots and response unresolved (U-SHOCK).,https://www.marcolangwatches.com/cad/ml01-zweigesicht-2/,f34148903818c273e20deeb0e70d3dc7782e08a413bc0e420f30d8c209aa4a2b
p_0_1_1_1__0_1_1_1_4__0_1_1_83_29__0_1_1_145_4,0:1:1:1/0:1:1:1:4/0:1:1:83:29/0:1:1:145:4,153,ml01 si GabelX UPlatte,leaf,conditionally-driven,shock/reset only,unassigned,E-CAD,name/assembly assumption,external review open,Indicator moving-member candidate; pivots and response unresolved (U-SHOCK).,https://www.marcolangwatches.com/cad/ml01-zweigesicht-2/,f34148903818c273e20deeb0e70d3dc7782e08a413bc0e420f30d8c209aa4a2b
p_0_1_1_1__0_1_1_1_4__0_1_1_83_29__0_1_1_145_5,0:1:1:1/0:1:1:1:4/0:1:1:83:29/0:1:1:145:5,154,ml01 si GabelX,leaf,conditionally-driven,shock/reset only,unassigned,E-CAD,name/assembly assumption,external review open,Indicator moving-member candidate; pivots and response unresolved (U-SHOCK).,https://www.marcolangwatches.com/cad/ml01-zweigesicht-2/,f34148903818c273e20deeb0e70d3dc7782e08a413bc0e420f30d8c209aa4a2b
p_0_1_1_1__0_1_1_1_4__0_1_1_83_29__0_1_1_145_6,0:1:1:1/0:1:1:1:4/0:1:1:83:29/0:1:1:145:6,155,si HMzylinder,leaf,conditionally-driven,shock/reset only,unassigned,E-CAD,name/assembly assumption,external review open,Indicator moving-member candidate; pivots and response unresolved (U-SHOCK).,https://www.marcolangwatches.com/cad/ml01-zweigesicht-2/,f34148903818c273e20deeb0e70d3dc7782e08a413bc0e420f30d8c209aa4a2b
p_0_1_1_1__0_1_1_1_4__0_1_1_83_29__0_1_1_145_7,0:1:1:1/0:1:1:1:4/0:1:1:83:29/0:1:1:145:7,156,ml01 si Klobenplatte,leaf,fixed,normal running,frame,E-CAD,assembly-role assumption,external review open,Support/fastener/dial structure at rest in normal running; fitting and conditional compliance need review where relevant.,https://www.marcolangwatches.com/cad/ml01-zweigesicht-2/,f34148903818c273e20deeb0e70d3dc7782e08a413bc0e420f30d8c209aa4a2b
p_0_1_1_1__0_1_1_1_4__0_1_1_83_29__0_1_1_145_8,0:1:1:1/0:1:1:1:4/0:1:1:83:29/0:1:1:145:8,157,020-50x130 a40x50,leaf,fixed,normal running,frame,E-CAD,assembly-role assumption,external review open,Support/fastener/dial structure at rest in normal running; fitting and conditional compliance need review where relevant.,https://www.marcolangwatches.com/cad/ml01-zweigesicht-2/,f34148903818c273e20deeb0e70d3dc7782e08a413bc0e420f30d8c209aa4a2b
p_0_1_1_1__0_1_1_1_4__0_1_1_83_29__0_1_1_145_9,0:1:1:1/0:1:1:1:4/0:1:1:83:29/0:1:1:145:9,123,010-linzyl s50x75 k95x25,leaf,fixed,normal running,frame,E-CAD,assembly-role assumption,external review open,Support/fastener/dial structure at rest in normal running; fitting and conditional compliance need review where relevant.,https://www.marcolangwatches.com/cad/ml01-zweigesicht-2/,f34148903818c273e20deeb0e70d3dc7782e08a413bc0e420f30d8c209aa4a2b
p_0_1_1_1__0_1_1_1_4__0_1_1_83_29__0_1_1_145_10,0:1:1:1/0:1:1:1:4/0:1:1:83:29/0:1:1:145:10,158,020-50x165 a40x50,leaf,fixed,normal running,frame,E-CAD,assembly-role assumption,external review open,Support/fastener/dial structure at rest in normal running; fitting and conditional compliance need review where relevant.,https://www.marcolangwatches.com/cad/ml01-zweigesicht-2/,f34148903818c273e20deeb0e70d3dc7782e08a413bc0e420f30d8c209aa4a2b
p_0_1_1_1__0_1_1_1_4__0_1_1_83_29__0_1_1_145_11,0:1:1:1/0:1:1:1:4/0:1:1:83:29/0:1:1:145:11,159,ml01 si ZeigerhebelfederblockV3,leaf,deforming,shock/reset,unassigned,E-CAD,name/assembly assumption,external review open,"Conditional spring, nominally stationary in normal run; attachment/compliance unverified (U-MODES/U-SHOCK).",https://www.marcolangwatches.com/cad/ml01-zweigesicht-2/,f34148903818c273e20deeb0e70d3dc7782e08a413bc0e420f30d8c209aa4a2b
p_0_1_1_1__0_1_1_1_4__0_1_1_83_29__0_1_1_145_12,0:1:1:1/0:1:1:1:4/0:1:1:83:29/0:1:1:145:12,160,ml01 si Resetschieberbutzen,leaf,conditionally-driven,shock/reset only,unassigned,E-CAD,name/assembly assumption,external review open,Indicator moving-member candidate; pivots and response unresolved (U-SHOCK).,https://www.marcolangwatches.com/cad/ml01-zweigesicht-2/,f34148903818c273e20deeb0e70d3dc7782e08a413bc0e420f30d8c209aa4a2b
p_0_1_1_1__0_1_1_1_4__0_1_1_83_29__0_1_1_145_13,0:1:1:1/0:1:1:1:4/0:1:1:83:29/0:1:1:145:13,161,ml01 si Rückstellfeder,leaf,deforming,shock/reset,unassigned,E-CAD,name/assembly assumption,external review open,"Conditional spring, nominally stationary in normal run; attachment/compliance unverified (U-MODES/U-SHOCK).",https://www.marcolangwatches.com/cad/ml01-zweigesicht-2/,f34148903818c273e20deeb0e70d3dc7782e08a413bc0e420f30d8c209aa4a2b
p_0_1_1_1__0_1_1_1_4__0_1_1_83_29__0_1_1_145_14,0:1:1:1/0:1:1:1:4/0:1:1:83:29/0:1:1:145:14,162,020-50x70,leaf,fixed,normal running,frame,E-CAD,assembly-role assumption,external review open,Support/fastener/dial structure at rest in normal running; fitting and conditional compliance need review where relevant.,https://www.marcolangwatches.com/cad/ml01-zweigesicht-2/,f34148903818c273e20deeb0e70d3dc7782e08a413bc0e420f30d8c209aa4a2b
p_0_1_1_1__0_1_1_1_4__0_1_1_83_29__0_1_1_145_15,0:1:1:1/0:1:1:1:4/0:1:1:83:29/0:1:1:145:15,162,020-50x70,leaf,fixed,normal running,frame,E-CAD,assembly-role assumption,external review open,Support/fastener/dial structure at rest in normal running; fitting and conditional compliance need review where relevant.,https://www.marcolangwatches.com/cad/ml01-zweigesicht-2/,f34148903818c273e20deeb0e70d3dc7782e08a413bc0e420f30d8c209aa4a2b
p_0_1_1_1__0_1_1_1_4__0_1_1_83_29__0_1_1_145_16,0:1:1:1/0:1:1:1:4/0:1:1:83:29/0:1:1:145:16,163,020-12x60 kon ms,leaf,fixed,normal running,frame,E-CAD,assembly-role assumption,external review open,Support/fastener/dial structure at rest in normal running; fitting and conditional compliance need review where relevant.,https://www.marcolangwatches.com/cad/ml01-zweigesicht-2/,f34148903818c273e20deeb0e70d3dc7782e08a413bc0e420f30d8c209aa4a2b
p_0_1_1_1__0_1_1_1_4__0_1_1_83_29__0_1_1_145_17,0:1:1:1/0:1:1:1:4/0:1:1:83:29/0:1:1:145:17,164,ml01 si UScheibe 60_79,leaf,unresolved,normal running,unassigned,U-COVERAGE,unresolved,external review open,Mechanical role or ownership not established; do not default to driven.,https://www.marcolangwatches.com/cad/ml01-zweigesicht-2/,f34148903818c273e20deeb0e70d3dc7782e08a413bc0e420f30d8c209aa4a2b
p_0_1_1_1__0_1_1_1_4__0_1_1_83_29__0_1_1_145_18,0:1:1:1/0:1:1:1:4/0:1:1:83:29/0:1:1:145:18,164,ml01 si UScheibe 60_79,leaf,unresolved,normal running,unassigned,U-COVERAGE,unresolved,external review open,Mechanical role or ownership not established; do not default to driven.,https://www.marcolangwatches.com/cad/ml01-zweigesicht-2/,f34148903818c273e20deeb0e70d3dc7782e08a413bc0e420f30d8c209aa4a2b
p_0_1_1_1__0_1_1_1_4__0_1_1_83_29__0_1_1_145_19,0:1:1:1/0:1:1:1:4/0:1:1:83:29/0:1:1:145:19,165,ml01 si Klobenfuß,leaf,fixed,normal running,frame,E-CAD,assembly-role assumption,external review open,Support/fastener/dial structure at rest in normal running; fitting and conditional compliance need review where relevant.,https://www.marcolangwatches.com/cad/ml01-zweigesicht-2/,f34148903818c273e20deeb0e70d3dc7782e08a413bc0e420f30d8c209aa4a2b
p_0_1_1_1__0_1_1_1_4__0_1_1_83_29__0_1_1_145_20,0:1:1:1/0:1:1:1:4/0:1:1:83:29/0:1:1:145:20,166,010-zyl s60x58 k115x25,leaf,fixed,normal running,frame,E-CAD,assembly-role assumption,external review open,Support/fastener/dial structure at rest in normal running; fitting and conditional compliance need review where relevant.,https://www.marcolangwatches.com/cad/ml01-zweigesicht-2/,f34148903818c273e20deeb0e70d3dc7782e08a413bc0e420f30d8c209aa4a2b
p_0_1_1_1__0_1_1_1_4__0_1_1_83_29__0_1_1_145_21,0:1:1:1/0:1:1:1:4/0:1:1:83:29/0:1:1:145:21,166,010-zyl s60x58 k115x25,leaf,fixed,normal running,frame,E-CAD,assembly-role assumption,external review open,Support/fastener/dial structure at rest in normal running; fitting and conditional compliance need review where relevant.,https://www.marcolangwatches.com/cad/ml01-zweigesicht-2/,f34148903818c273e20deeb0e70d3dc7782e08a413bc0e420f30d8c209aa4a2b
p_0_1_1_1__0_1_1_1_4__0_1_1_83_29__0_1_1_145_22,0:1:1:1/0:1:1:1:4/0:1:1:83:29/0:1:1:145:22,167,ml01 si Anschlagrahmen,leaf,fixed,normal running,frame,E-CAD,assembly-role assumption,external review open,Support/fastener/dial structure at rest in normal running; fitting and conditional compliance need review where relevant.,https://www.marcolangwatches.com/cad/ml01-zweigesicht-2/,f34148903818c273e20deeb0e70d3dc7782e08a413bc0e420f30d8c209aa4a2b
p_0_1_1_1__0_1_1_1_4__0_1_1_83_29__0_1_1_145_23,0:1:1:1/0:1:1:1:4/0:1:1:83:29/0:1:1:145:23,167,ml01 si Anschlagrahmen,leaf,fixed,normal running,frame,E-CAD,assembly-role assumption,external review open,Support/fastener/dial structure at rest in normal running; fitting and conditional compliance need review where relevant.,https://www.marcolangwatches.com/cad/ml01-zweigesicht-2/,f34148903818c273e20deeb0e70d3dc7782e08a413bc0e420f30d8c209aa4a2b
p_0_1_1_1__0_1_1_1_4__0_1_1_83_29__0_1_1_145_24,0:1:1:1/0:1:1:1:4/0:1:1:83:29/0:1:1:145:24,168,010-zyl s60x140 k115x23,leaf,fixed,normal running,frame,E-CAD,assembly-role assumption,external review open,Support/fastener/dial structure at rest in normal running; fitting and conditional compliance need review where relevant.,https://www.marcolangwatches.com/cad/ml01-zweigesicht-2/,f34148903818c273e20deeb0e70d3dc7782e08a413bc0e420f30d8c209aa4a2b
p_0_1_1_1__0_1_1_1_4__0_1_1_83_29__0_1_1_145_25,0:1:1:1/0:1:1:1:4/0:1:1:83:29/0:1:1:145:25,163,020-12x60 kon ms,leaf,fixed,normal running,frame,E-CAD,assembly-role assumption,external review open,Support/fastener/dial structure at rest in normal running; fitting and conditional compliance need review where relevant.,https://www.marcolangwatches.com/cad/ml01-zweigesicht-2/,f34148903818c273e20deeb0e70d3dc7782e08a413bc0e420f30d8c209aa4a2b
p_0_1_1_1__0_1_1_1_4__0_1_1_83_29__0_1_1_145_26,0:1:1:1/0:1:1:1:4/0:1:1:83:29/0:1:1:145:26,163,020-12x60 kon ms,leaf,fixed,normal running,frame,E-CAD,assembly-role assumption,external review open,Support/fastener/dial structure at rest in normal running; fitting and conditional compliance need review where relevant.,https://www.marcolangwatches.com/cad/ml01-zweigesicht-2/,f34148903818c273e20deeb0e70d3dc7782e08a413bc0e420f30d8c209aa4a2b
p_0_1_1_1__0_1_1_1_4__0_1_1_83_29__0_1_1_145_27,0:1:1:1/0:1:1:1:4/0:1:1:83:29/0:1:1:145:27,168,010-zyl s60x140 k115x23,leaf,fixed,normal running,frame,E-CAD,assembly-role assumption,external review open,Support/fastener/dial structure at rest in normal running; fitting and conditional compliance need review where relevant.,https://www.marcolangwatches.com/cad/ml01-zweigesicht-2/,f34148903818c273e20deeb0e70d3dc7782e08a413bc0e420f30d8c209aa4a2b
p_0_1_1_1__0_1_1_1_4__0_1_1_83_29__0_1_1_145_28,0:1:1:1/0:1:1:1:4/0:1:1:83:29/0:1:1:145:28,163,020-12x60 kon ms,leaf,fixed,normal running,frame,E-CAD,assembly-role assumption,external review open,Support/fastener/dial structure at rest in normal running; fitting and conditional compliance need review where relevant.,https://www.marcolangwatches.com/cad/ml01-zweigesicht-2/,f34148903818c273e20deeb0e70d3dc7782e08a413bc0e420f30d8c209aa4a2b
p_0_1_1_1__0_1_1_1_4__0_1_1_83_29__0_1_1_145_29,0:1:1:1/0:1:1:1:4/0:1:1:83:29/0:1:1:145:29,163,020-12x60 kon ms,leaf,fixed,normal running,frame,E-CAD,assembly-role assumption,external review open,Support/fastener/dial structure at rest in normal running; fitting and conditional compliance need review where relevant.,https://www.marcolangwatches.com/cad/ml01-zweigesicht-2/,f34148903818c273e20deeb0e70d3dc7782e08a413bc0e420f30d8c209aa4a2b
p_0_1_1_1__0_1_1_1_4__0_1_1_83_29__0_1_1_145_30,0:1:1:1/0:1:1:1:4/0:1:1:83:29/0:1:1:145:30,169,010-zyl s80x220 k125x50,leaf,fixed,normal running,frame,E-CAD,assembly-role assumption,external review open,Support/fastener/dial structure at rest in normal running; fitting and conditional compliance need review where relevant.,https://www.marcolangwatches.com/cad/ml01-zweigesicht-2/,f34148903818c273e20deeb0e70d3dc7782e08a413bc0e420f30d8c209aa4a2b
p_0_1_1_1__0_1_1_1_4__0_1_1_83_29__0_1_1_145_31,0:1:1:1/0:1:1:1:4/0:1:1:83:29/0:1:1:145:31,163,020-12x60 kon ms,leaf,fixed,normal running,frame,E-CAD,assembly-role assumption,external review open,Support/fastener/dial structure at rest in normal running; fitting and conditional compliance need review where relevant.,https://www.marcolangwatches.com/cad/ml01-zweigesicht-2/,f34148903818c273e20deeb0e70d3dc7782e08a413bc0e420f30d8c209aa4a2b
p_0_1_1_1__0_1_1_1_4__0_1_1_83_29__0_1_1_145_32,0:1:1:1/0:1:1:1:4/0:1:1:83:29/0:1:1:145:32,170,010-zyl s80x180 k125x50,leaf,fixed,normal running,frame,E-CAD,assembly-role assumption,external review open,Support/fastener/dial structure at rest in normal running; fitting and conditional compliance need review where relevant.,https://www.marcolangwatches.com/cad/ml01-zweigesicht-2/,f34148903818c273e20deeb0e70d3dc7782e08a413bc0e420f30d8c209aa4a2b
p_0_1_1_1__0_1_1_1_4__0_1_1_83_29__0_1_1_145_33,0:1:1:1/0:1:1:1:4/0:1:1:83:29/0:1:1:145:33,170,010-zyl s80x180 k125x50,leaf,fixed,normal running,frame,E-CAD,assembly-role assumption,external review open,Support/fastener/dial structure at rest in normal running; fitting and conditional compliance need review where relevant.,https://www.marcolangwatches.com/cad/ml01-zweigesicht-2/,f34148903818c273e20deeb0e70d3dc7782e08a413bc0e420f30d8c209aa4a2b
p_0_1_1_1__0_1_1_1_4__0_1_1_83_30,0:1:1:1/0:1:1:1:4/0:1:1:83:30,171,ml01 ZSTRad verpresst,assembly,conditionally-driven,winding / setting / explicit correction; normal-running coupling unresolved for 97/172,unassigned,E-CAD,name/assembly assumption,external review open,Conditional input mechanism; determine mode and any back-drive before X1 (U-MODES).,https://www.marcolangwatches.com/cad/ml01-zweigesicht-2/,f34148903818c273e20deeb0e70d3dc7782e08a413bc0e420f30d8c209aa4a2b
p_0_1_1_1__0_1_1_1_4__0_1_1_83_30__0_1_1_171_1,0:1:1:1/0:1:1:1:4/0:1:1:83:30/0:1:1:171:1,172,"ml01 Zeigerstellrad z19 m0,177",leaf,conditionally-driven,winding / setting / explicit correction; normal-running coupling unresolved for 97/172,unassigned,E-CAD,name/assembly assumption,external review open,Conditional input mechanism; determine mode and any back-drive before X1 (U-MODES).,https://www.marcolangwatches.com/cad/ml01-zweigesicht-2/,f34148903818c273e20deeb0e70d3dc7782e08a413bc0e420f30d8c209aa4a2b
p_0_1_1_1__0_1_1_1_4__0_1_1_83_30__0_1_1_171_2,0:1:1:1/0:1:1:1:4/0:1:1:83:30/0:1:1:171:2,173,020-120x120,leaf,conditionally-driven,winding / setting / explicit correction; normal-running coupling unresolved for 97/172,unassigned,E-CAD,name/assembly assumption,external review open,Conditional input mechanism; determine mode and any back-drive before X1 (U-MODES).,https://www.marcolangwatches.com/cad/ml01-zweigesicht-2/,f34148903818c273e20deeb0e70d3dc7782e08a413bc0e420f30d8c209aa4a2b
p_0_1_1_1__0_1_1_1_4__0_1_1_83_31,0:1:1:1/0:1:1:1:4/0:1:1:83:31,174,ml01 Kupplungshebel,leaf,conditionally-driven,winding / setting / explicit correction; normal-running coupling unresolved for 97/172,unassigned,E-CAD,name/assembly assumption,external review open,Conditional input mechanism; determine mode and any back-drive before X1 (U-MODES).,https://www.marcolangwatches.com/cad/ml01-zweigesicht-2/,f34148903818c273e20deeb0e70d3dc7782e08a413bc0e420f30d8c209aa4a2b
p_0_1_1_1__0_1_1_1_4__0_1_1_83_32,0:1:1:1/0:1:1:1:4/0:1:1:83:32,175,ml01 Stoppfeder vernietet,assembly,unresolved,aggregate; classify descendants individually,unassigned,U-COVERAGE,unresolved,external review open,Source hierarchy contains mixed or unproven motion; never rotate this assembly wholesale.,https://www.marcolangwatches.com/cad/ml01-zweigesicht-2/,f34148903818c273e20deeb0e70d3dc7782e08a413bc0e420f30d8c209aa4a2b
p_0_1_1_1__0_1_1_1_4__0_1_1_83_32__0_1_1_175_1,0:1:1:1/0:1:1:1:4/0:1:1:83:32/0:1:1:175:1,176,ml01 Stoppfederplatte,leaf,fixed,normal running,frame,E-CAD,assembly-role assumption,external review open,Support/fastener/dial structure at rest in normal running; fitting and conditional compliance need review where relevant.,https://www.marcolangwatches.com/cad/ml01-zweigesicht-2/,f34148903818c273e20deeb0e70d3dc7782e08a413bc0e420f30d8c209aa4a2b
p_0_1_1_1__0_1_1_1_4__0_1_1_83_32__0_1_1_175_2,0:1:1:1/0:1:1:1:4/0:1:1:83:32/0:1:1:175:2,177,ml01 Stoppfedersäule,leaf,fixed,normal running,frame,E-CAD,assembly-role assumption,external review open,Support/fastener/dial structure at rest in normal running; fitting and conditional compliance need review where relevant.,https://www.marcolangwatches.com/cad/ml01-zweigesicht-2/,f34148903818c273e20deeb0e70d3dc7782e08a413bc0e420f30d8c209aa4a2b
p_0_1_1_1__0_1_1_1_4__0_1_1_83_32__0_1_1_175_3,0:1:1:1/0:1:1:1:4/0:1:1:83:32/0:1:1:175:3,178,ml01 Stoppfeder,leaf,deforming,winding/setting,unassigned,E-CAD,name/assembly assumption,external review open,"Conditional spring, nominally stationary in normal run; attachment/compliance unverified (U-MODES/U-SHOCK).",https://www.marcolangwatches.com/cad/ml01-zweigesicht-2/,f34148903818c273e20deeb0e70d3dc7782e08a413bc0e420f30d8c209aa4a2b
p_0_1_1_1__0_1_1_1_4__0_1_1_83_32__0_1_1_175_4,0:1:1:1/0:1:1:1:4/0:1:1:83:32/0:1:1:175:4,179,020-40x120 kon ms,leaf,fixed,normal running,frame,E-CAD,assembly-role assumption,external review open,Support/fastener/dial structure at rest in normal running; fitting and conditional compliance need review where relevant.,https://www.marcolangwatches.com/cad/ml01-zweigesicht-2/,f34148903818c273e20deeb0e70d3dc7782e08a413bc0e420f30d8c209aa4a2b
p_0_1_1_1__0_1_1_1_4__0_1_1_83_32__0_1_1_175_5,0:1:1:1/0:1:1:1:4/0:1:1:83:32/0:1:1:175:5,162,020-50x70,leaf,fixed,normal running,frame,E-CAD,assembly-role assumption,external review open,Support/fastener/dial structure at rest in normal running; fitting and conditional compliance need review where relevant.,https://www.marcolangwatches.com/cad/ml01-zweigesicht-2/,f34148903818c273e20deeb0e70d3dc7782e08a413bc0e420f30d8c209aa4a2b
p_0_1_1_1__0_1_1_1_4__0_1_1_83_33,0:1:1:1/0:1:1:1:4/0:1:1:83:33,180,010-linzylans s70x90 k90x75 a125x25 ab98x93,leaf,fixed,normal running,frame,E-CAD,assembly-role assumption,external review open,Support/fastener/dial structure at rest in normal running; fitting and conditional compliance need review where relevant.,https://www.marcolangwatches.com/cad/ml01-zweigesicht-2/,f34148903818c273e20deeb0e70d3dc7782e08a413bc0e420f30d8c209aa4a2b
p_0_1_1_1__0_1_1_1_4__0_1_1_83_34,0:1:1:1/0:1:1:1:4/0:1:1:83:34,181,010-linsenk s60x80 k90x25,leaf,fixed,normal running,frame,E-CAD,assembly-role assumption,external review open,Support/fastener/dial structure at rest in normal running; fitting and conditional compliance need review where relevant.,https://www.marcolangwatches.com/cad/ml01-zweigesicht-2/,f34148903818c273e20deeb0e70d3dc7782e08a413bc0e420f30d8c209aa4a2b
p_0_1_1_1__0_1_1_1_4__0_1_1_83_35,0:1:1:1/0:1:1:1:4/0:1:1:83:35,181,010-linsenk s60x80 k90x25,leaf,fixed,normal running,frame,E-CAD,assembly-role assumption,external review open,Support/fastener/dial structure at rest in normal running; fitting and conditional compliance need review where relevant.,https://www.marcolangwatches.com/cad/ml01-zweigesicht-2/,f34148903818c273e20deeb0e70d3dc7782e08a413bc0e420f30d8c209aa4a2b
p_0_1_1_1__0_1_1_1_4__0_1_1_83_36,0:1:1:1/0:1:1:1:4/0:1:1:83:36,122,010-zylsenk s80x120 k125x40,leaf,fixed,normal running,frame,E-CAD,assembly-role assumption,external review open,Support/fastener/dial structure at rest in normal running; fitting and conditional compliance need review where relevant.,https://www.marcolangwatches.com/cad/ml01-zweigesicht-2/,f34148903818c273e20deeb0e70d3dc7782e08a413bc0e420f30d8c209aa4a2b
p_0_1_1_1__0_1_1_1_4__0_1_1_83_37,0:1:1:1/0:1:1:1:4/0:1:1:83:37,182,ml01 Viertelrohr2 vernietet,assembly,continuously-driven,normal running,display-works,E-ANIMATION,functional-assumption,external review open,Expected running wheel/rigid member; specific graph edges and phases remain candidates (U-UPSTREAM/U-DISPLAY).,https://www.marcolangwatches.com/cad/ml01-zweigesicht-2/,f34148903818c273e20deeb0e70d3dc7782e08a413bc0e420f30d8c209aa4a2b
p_0_1_1_1__0_1_1_1_4__0_1_1_83_37__0_1_1_182_1,0:1:1:1/0:1:1:1:4/0:1:1:83:37/0:1:1:182:1,183,"ml01 Viertelrohr2 z8 m0,15",leaf,continuously-driven,normal running,display-works,E-ANIMATION,functional-assumption,external review open,Expected running wheel/rigid member; specific graph edges and phases remain candidates (U-UPSTREAM/U-DISPLAY).,https://www.marcolangwatches.com/cad/ml01-zweigesicht-2/,f34148903818c273e20deeb0e70d3dc7782e08a413bc0e420f30d8c209aa4a2b
p_0_1_1_1__0_1_1_1_4__0_1_1_83_37__0_1_1_182_2,0:1:1:1/0:1:1:1:4/0:1:1:83:37/0:1:1:182:2,184,ml01 Welle Viertelrohr2,leaf,continuously-driven,normal running,display-works,E-ANIMATION,functional-assumption,external review open,Expected running wheel/rigid member; specific graph edges and phases remain candidates (U-UPSTREAM/U-DISPLAY).,https://www.marcolangwatches.com/cad/ml01-zweigesicht-2/,f34148903818c273e20deeb0e70d3dc7782e08a413bc0e420f30d8c209aa4a2b
p_0_1_1_1__0_1_1_1_4__0_1_1_83_38,0:1:1:1/0:1:1:1:4/0:1:1:83:38,185,ml01 Werkhaltelasche,leaf,fixed,normal running,frame,E-CAD,assembly-role assumption,external review open,Support/fastener/dial structure at rest in normal running; fitting and conditional compliance need review where relevant.,https://www.marcolangwatches.com/cad/ml01-zweigesicht-2/,f34148903818c273e20deeb0e70d3dc7782e08a413bc0e420f30d8c209aa4a2b
p_0_1_1_1__0_1_1_1_4__0_1_1_83_39,0:1:1:1/0:1:1:1:4/0:1:1:83:39,185,ml01 Werkhaltelasche,leaf,fixed,normal running,frame,E-CAD,assembly-role assumption,external review open,Support/fastener/dial structure at rest in normal running; fitting and conditional compliance need review where relevant.,https://www.marcolangwatches.com/cad/ml01-zweigesicht-2/,f34148903818c273e20deeb0e70d3dc7782e08a413bc0e420f30d8c209aa4a2b
p_0_1_1_1__0_1_1_1_4__0_1_1_83_40,0:1:1:1/0:1:1:1:4/0:1:1:83:40,186,ml01 Stundenrad2 vernietet,assembly,continuously-driven,normal running,display-works,E-ANIMATION,functional-assumption,external review open,Expected running wheel/rigid member; specific graph edges and phases remain candidates (U-UPSTREAM/U-DISPLAY).,https://www.marcolangwatches.com/cad/ml01-zweigesicht-2/,f34148903818c273e20deeb0e70d3dc7782e08a413bc0e420f30d8c209aa4a2b
p_0_1_1_1__0_1_1_1_4__0_1_1_83_40__0_1_1_186_1,0:1:1:1/0:1:1:1:4/0:1:1:83:40/0:1:1:186:1,187,"ml01 Stundenrad2 z32 m0,12",leaf,continuously-driven,normal running,display-works,E-ANIMATION,functional-assumption,external review open,Expected running wheel/rigid member; specific graph edges and phases remain candidates (U-UPSTREAM/U-DISPLAY).,https://www.marcolangwatches.com/cad/ml01-zweigesicht-2/,f34148903818c273e20deeb0e70d3dc7782e08a413bc0e420f30d8c209aa4a2b
p_0_1_1_1__0_1_1_1_4__0_1_1_83_40__0_1_1_186_2,0:1:1:1/0:1:1:1:4/0:1:1:83:40/0:1:1:186:2,188,ml01 Butzen Stundenrad2,leaf,continuously-driven,normal running,display-works,E-ANIMATION,functional-assumption,external review open,Expected running wheel/rigid member; specific graph edges and phases remain candidates (U-UPSTREAM/U-DISPLAY).,https://www.marcolangwatches.com/cad/ml01-zweigesicht-2/,f34148903818c273e20deeb0e70d3dc7782e08a413bc0e420f30d8c209aa4a2b
p_0_1_1_1__0_1_1_1_4__0_1_1_83_41,0:1:1:1/0:1:1:1:4/0:1:1:83:41,185,ml01 Werkhaltelasche,leaf,fixed,normal running,frame,E-CAD,assembly-role assumption,external review open,Support/fastener/dial structure at rest in normal running; fitting and conditional compliance need review where relevant.,https://www.marcolangwatches.com/cad/ml01-zweigesicht-2/,f34148903818c273e20deeb0e70d3dc7782e08a413bc0e420f30d8c209aa4a2b
p_0_1_1_1__0_1_1_1_4__0_1_1_83_42,0:1:1:1/0:1:1:1:4/0:1:1:83:42,9,010-linsenk s60x105 k90x25,leaf,fixed,normal running,frame,E-CAD,assembly-role assumption,external review open,Support/fastener/dial structure at rest in normal running; fitting and conditional compliance need review where relevant.,https://www.marcolangwatches.com/cad/ml01-zweigesicht-2/,f34148903818c273e20deeb0e70d3dc7782e08a413bc0e420f30d8c209aa4a2b
p_0_1_1_1__0_1_1_1_4__0_1_1_83_43,0:1:1:1/0:1:1:1:4/0:1:1:83:43,189,010-zyl s80x140 k160x40,leaf,fixed,normal running,frame,E-CAD,assembly-role assumption,external review open,Support/fastener/dial structure at rest in normal running; fitting and conditional compliance need review where relevant.,https://www.marcolangwatches.com/cad/ml01-zweigesicht-2/,f34148903818c273e20deeb0e70d3dc7782e08a413bc0e420f30d8c209aa4a2b
p_0_1_1_1__0_1_1_1_4__0_1_1_83_44,0:1:1:1/0:1:1:1:4/0:1:1:83:44,189,010-zyl s80x140 k160x40,leaf,fixed,normal running,frame,E-CAD,assembly-role assumption,external review open,Support/fastener/dial structure at rest in normal running; fitting and conditional compliance need review where relevant.,https://www.marcolangwatches.com/cad/ml01-zweigesicht-2/,f34148903818c273e20deeb0e70d3dc7782e08a413bc0e420f30d8c209aa4a2b
p_0_1_1_1__0_1_1_1_4__0_1_1_83_45,0:1:1:1/0:1:1:1:4/0:1:1:83:45,189,010-zyl s80x140 k160x40,leaf,fixed,normal running,frame,E-CAD,assembly-role assumption,external review open,Support/fastener/dial structure at rest in normal running; fitting and conditional compliance need review where relevant.,https://www.marcolangwatches.com/cad/ml01-zweigesicht-2/,f34148903818c273e20deeb0e70d3dc7782e08a413bc0e420f30d8c209aa4a2b
p_0_1_1_1__0_1_1_1_4__0_1_1_83_46,0:1:1:1/0:1:1:1:4/0:1:1:83:46,9,010-linsenk s60x105 k90x25,leaf,fixed,normal running,frame,E-CAD,assembly-role assumption,external review open,Support/fastener/dial structure at rest in normal running; fitting and conditional compliance need review where relevant.,https://www.marcolangwatches.com/cad/ml01-zweigesicht-2/,f34148903818c273e20deeb0e70d3dc7782e08a413bc0e420f30d8c209aa4a2b
p_0_1_1_1__0_1_1_1_4__0_1_1_83_47,0:1:1:1/0:1:1:1:4/0:1:1:83:47,190,ml01 Zeigerstellhebel,leaf,conditionally-driven,winding / setting / explicit correction; normal-running coupling unresolved for 97/172,unassigned,E-CAD,name/assembly assumption,external review open,Conditional input mechanism; determine mode and any back-drive before X1 (U-MODES).,https://www.marcolangwatches.com/cad/ml01-zweigesicht-2/,f34148903818c273e20deeb0e70d3dc7782e08a413bc0e420f30d8c209aa4a2b
p_0_1_1_1__0_1_1_1_4__0_1_1_83_48,0:1:1:1/0:1:1:1:4/0:1:1:83:48,191,010-zyl s80x95 k110x18,leaf,fixed,normal running,frame,E-CAD,assembly-role assumption,external review open,Support/fastener/dial structure at rest in normal running; fitting and conditional compliance need review where relevant.,https://www.marcolangwatches.com/cad/ml01-zweigesicht-2/,f34148903818c273e20deeb0e70d3dc7782e08a413bc0e420f30d8c209aa4a2b
p_0_1_1_1__0_1_1_1_4__0_1_1_83_49,0:1:1:1/0:1:1:1:4/0:1:1:83:49,192,010-zyl s80x120 k220x35,leaf,fixed,normal running,frame,E-CAD,assembly-role assumption,external review open,Support/fastener/dial structure at rest in normal running; fitting and conditional compliance need review where relevant.,https://www.marcolangwatches.com/cad/ml01-zweigesicht-2/,f34148903818c273e20deeb0e70d3dc7782e08a413bc0e420f30d8c209aa4a2b
p_0_1_1_1__0_1_1_1_4__0_1_1_83_50,0:1:1:1/0:1:1:1:4/0:1:1:83:50,192,010-zyl s80x120 k220x35,leaf,fixed,normal running,frame,E-CAD,assembly-role assumption,external review open,Support/fastener/dial structure at rest in normal running; fitting and conditional compliance need review where relevant.,https://www.marcolangwatches.com/cad/ml01-zweigesicht-2/,f34148903818c273e20deeb0e70d3dc7782e08a413bc0e420f30d8c209aa4a2b
p_0_1_1_1__0_1_1_1_4__0_1_1_83_51,0:1:1:1/0:1:1:1:4/0:1:1:83:51,191,010-zyl s80x95 k110x18,leaf,fixed,normal running,frame,E-CAD,assembly-role assumption,external review open,Support/fastener/dial structure at rest in normal running; fitting and conditional compliance need review where relevant.,https://www.marcolangwatches.com/cad/ml01-zweigesicht-2/,f34148903818c273e20deeb0e70d3dc7782e08a413bc0e420f30d8c209aa4a2b
p_0_1_1_1__0_1_1_1_4__0_1_1_83_52,0:1:1:1/0:1:1:1:4/0:1:1:83:52,191,010-zyl s80x95 k110x18,leaf,fixed,normal running,frame,E-CAD,assembly-role assumption,external review open,Support/fastener/dial structure at rest in normal running; fitting and conditional compliance need review where relevant.,https://www.marcolangwatches.com/cad/ml01-zweigesicht-2/,f34148903818c273e20deeb0e70d3dc7782e08a413bc0e420f30d8c209aa4a2b
p_0_1_1_1__0_1_1_1_4__0_1_1_83_53,0:1:1:1/0:1:1:1:4/0:1:1:83:53,193,ml01 Winkelhebelfeder,leaf,deforming,winding/setting,unassigned,E-CAD,name/assembly assumption,external review open,"Conditional spring, nominally stationary in normal run; attachment/compliance unverified (U-MODES/U-SHOCK).",https://www.marcolangwatches.com/cad/ml01-zweigesicht-2/,f34148903818c273e20deeb0e70d3dc7782e08a413bc0e420f30d8c209aa4a2b
p_0_1_1_1__0_1_1_1_4__0_1_1_83_54,0:1:1:1/0:1:1:1:4/0:1:1:83:54,194,ml01 Werkplatte verstiftet versteint,assembly,unresolved,aggregate; classify descendants individually,unassigned,U-COVERAGE,unresolved,external review open,Source hierarchy contains mixed or unproven motion; never rotate this assembly wholesale.,https://www.marcolangwatches.com/cad/ml01-zweigesicht-2/,f34148903818c273e20deeb0e70d3dc7782e08a413bc0e420f30d8c209aa4a2b
p_0_1_1_1__0_1_1_1_4__0_1_1_83_54__0_1_1_194_1,0:1:1:1/0:1:1:1:4/0:1:1:83:54/0:1:1:194:1,195,ml01 Grundplatine,leaf,fixed,normal running,frame,E-CAD,assembly-role assumption,external review open,Support/fastener/dial structure at rest in normal running; fitting and conditional compliance need review where relevant.,https://www.marcolangwatches.com/cad/ml01-zweigesicht-2/,f34148903818c273e20deeb0e70d3dc7782e08a413bc0e420f30d8c209aa4a2b
p_0_1_1_1__0_1_1_1_4__0_1_1_83_54__0_1_1_194_2,0:1:1:1/0:1:1:1:4/0:1:1:83:54/0:1:1:194:2,196,030-G_90x200x45,leaf,fixed,normal running,frame,E-CAD,assembly-role assumption,external review open,Support/fastener/dial structure at rest in normal running; fitting and conditional compliance need review where relevant.,https://www.marcolangwatches.com/cad/ml01-zweigesicht-2/,f34148903818c273e20deeb0e70d3dc7782e08a413bc0e420f30d8c209aa4a2b
p_0_1_1_1__0_1_1_1_4__0_1_1_83_54__0_1_1_194_3,0:1:1:1/0:1:1:1:4/0:1:1:83:54/0:1:1:194:3,197,030-G_160x240x30,leaf,fixed,normal running,frame,E-CAD,assembly-role assumption,external review open,Support/fastener/dial structure at rest in normal running; fitting and conditional compliance need review where relevant.,https://www.marcolangwatches.com/cad/ml01-zweigesicht-2/,f34148903818c273e20deeb0e70d3dc7782e08a413bc0e420f30d8c209aa4a2b
p_0_1_1_1__0_1_1_1_4__0_1_1_83_54__0_1_1_194_4,0:1:1:1/0:1:1:1:4/0:1:1:83:54/0:1:1:194:4,197,030-G_160x240x30,leaf,fixed,normal running,frame,E-CAD,assembly-role assumption,external review open,Support/fastener/dial structure at rest in normal running; fitting and conditional compliance need review where relevant.,https://www.marcolangwatches.com/cad/ml01-zweigesicht-2/,f34148903818c273e20deeb0e70d3dc7782e08a413bc0e420f30d8c209aa4a2b
p_0_1_1_1__0_1_1_1_4__0_1_1_83_54__0_1_1_194_5,0:1:1:1/0:1:1:1:4/0:1:1:83:54/0:1:1:194:5,198,030-G_90x200x40,leaf,fixed,normal running,frame,E-CAD,assembly-role assumption,external review open,Support/fastener/dial structure at rest in normal running; fitting and conditional compliance need review where relevant.,https://www.marcolangwatches.com/cad/ml01-zweigesicht-2/,f34148903818c273e20deeb0e70d3dc7782e08a413bc0e420f30d8c209aa4a2b
p_0_1_1_1__0_1_1_1_4__0_1_1_83_54__0_1_1_194_6,0:1:1:1/0:1:1:1:4/0:1:1:83:54/0:1:1:194:6,199,030-G_30x100x25,leaf,fixed,normal running,frame,E-CAD,assembly-role assumption,external review open,Support/fastener/dial structure at rest in normal running; fitting and conditional compliance need review where relevant.,https://www.marcolangwatches.com/cad/ml01-zweigesicht-2/,f34148903818c273e20deeb0e70d3dc7782e08a413bc0e420f30d8c209aa4a2b
p_0_1_1_1__0_1_1_1_4__0_1_1_83_54__0_1_1_194_7,0:1:1:1/0:1:1:1:4/0:1:1:83:54/0:1:1:194:7,134,030-GO_10x100x22,leaf,fixed,normal running,frame,E-CAD,assembly-role assumption,external review open,Support/fastener/dial structure at rest in normal running; fitting and conditional compliance need review where relevant.,https://www.marcolangwatches.com/cad/ml01-zweigesicht-2/,f34148903818c273e20deeb0e70d3dc7782e08a413bc0e420f30d8c209aa4a2b
p_0_1_1_1__0_1_1_1_4__0_1_1_83_54__0_1_1_194_8,0:1:1:1/0:1:1:1:4/0:1:1:83:54/0:1:1:194:8,200,020-40x135 ms,leaf,fixed,normal running,frame,E-CAD,assembly-role assumption,external review open,Support/fastener/dial structure at rest in normal running; fitting and conditional compliance need review where relevant.,https://www.marcolangwatches.com/cad/ml01-zweigesicht-2/,f34148903818c273e20deeb0e70d3dc7782e08a413bc0e420f30d8c209aa4a2b
p_0_1_1_1__0_1_1_1_4__0_1_1_83_54__0_1_1_194_9,0:1:1:1/0:1:1:1:4/0:1:1:83:54/0:1:1:194:9,200,020-40x135 ms,leaf,fixed,normal running,frame,E-CAD,assembly-role assumption,external review open,Support/fastener/dial structure at rest in normal running; fitting and conditional compliance need review where relevant.,https://www.marcolangwatches.com/cad/ml01-zweigesicht-2/,f34148903818c273e20deeb0e70d3dc7782e08a413bc0e420f30d8c209aa4a2b
p_0_1_1_1__0_1_1_1_4__0_1_1_83_54__0_1_1_194_10,0:1:1:1/0:1:1:1:4/0:1:1:83:54/0:1:1:194:10,102,030-BO_10x100x25,leaf,fixed,normal running,frame,E-CAD,assembly-role assumption,external review open,Support/fastener/dial structure at rest in normal running; fitting and conditional compliance need review where relevant.,https://www.marcolangwatches.com/cad/ml01-zweigesicht-2/,f34148903818c273e20deeb0e70d3dc7782e08a413bc0e420f30d8c209aa4a2b
p_0_1_1_1__0_1_1_1_4__0_1_1_83_54__0_1_1_194_11,0:1:1:1/0:1:1:1:4/0:1:1:83:54/0:1:1:194:11,201,010-linsenk s70x120 k100x30,leaf,fixed,normal running,frame,E-CAD,assembly-role assumption,external review open,Support/fastener/dial structure at rest in normal running; fitting and conditional compliance need review where relevant.,https://www.marcolangwatches.com/cad/ml01-zweigesicht-2/,f34148903818c273e20deeb0e70d3dc7782e08a413bc0e420f30d8c209aa4a2b
p_0_1_1_1__0_1_1_1_4__0_1_1_83_54__0_1_1_194_12,0:1:1:1/0:1:1:1:4/0:1:1:83:54/0:1:1:194:12,201,010-linsenk s70x120 k100x30,leaf,fixed,normal running,frame,E-CAD,assembly-role assumption,external review open,Support/fastener/dial structure at rest in normal running; fitting and conditional compliance need review where relevant.,https://www.marcolangwatches.com/cad/ml01-zweigesicht-2/,f34148903818c273e20deeb0e70d3dc7782e08a413bc0e420f30d8c209aa4a2b
p_0_1_1_1__0_1_1_1_4__0_1_1_83_54__0_1_1_194_13,0:1:1:1/0:1:1:1:4/0:1:1:83:54/0:1:1:194:13,202,incabloc_sous_937-21,assembly,unresolved,aggregate; classify descendants individually,unassigned,U-COVERAGE,unresolved,external review open,Source hierarchy contains mixed or unproven motion; never rotate this assembly wholesale.,https://www.marcolangwatches.com/cad/ml01-zweigesicht-2/,f34148903818c273e20deeb0e70d3dc7782e08a413bc0e420f30d8c209aa4a2b
p_0_1_1_1__0_1_1_1_4__0_1_1_83_54__0_1_1_194_13__0_1_1_202_1,0:1:1:1/0:1:1:1:4/0:1:1:83:54/0:1:1:194:13/0:1:1:202:1,203,incabloc_sous_937-21_Lochsteinschale,leaf,fixed,normal running,frame,E-CAD,assembly-role assumption,external review open,Support/fastener/dial structure at rest in normal running; fitting and conditional compliance need review where relevant.,https://www.marcolangwatches.com/cad/ml01-zweigesicht-2/,f34148903818c273e20deeb0e70d3dc7782e08a413bc0e420f30d8c209aa4a2b
p_0_1_1_1__0_1_1_1_4__0_1_1_83_54__0_1_1_194_13__0_1_1_202_2,0:1:1:1/0:1:1:1:4/0:1:1:83:54/0:1:1:194:13/0:1:1:202:2,204,incabloc_sous_937-21_BO_9x90x14,leaf,fixed,normal running,frame,E-CAD,assembly-role assumption,external review open,Support/fastener/dial structure at rest in normal running; fitting and conditional compliance need review where relevant.,https://www.marcolangwatches.com/cad/ml01-zweigesicht-2/,f34148903818c273e20deeb0e70d3dc7782e08a413bc0e420f30d8c209aa4a2b
p_0_1_1_1__0_1_1_1_4__0_1_1_83_54__0_1_1_194_13__0_1_1_202_3,0:1:1:1/0:1:1:1:4/0:1:1:83:54/0:1:1:194:13/0:1:1:202:3,205,incabloc_sous_937-21_CPB_0x105x8,leaf,fixed,normal running,frame,E-CAD,assembly-role assumption,external review open,Support/fastener/dial structure at rest in normal running; fitting and conditional compliance need review where relevant.,https://www.marcolangwatches.com/cad/ml01-zweigesicht-2/,f34148903818c273e20deeb0e70d3dc7782e08a413bc0e420f30d8c209aa4a2b
p_0_1_1_1__0_1_1_1_4__0_1_1_83_54__0_1_1_194_13__0_1_1_202_4,0:1:1:1/0:1:1:1:4/0:1:1:83:54/0:1:1:194:13/0:1:1:202:4,206,incabloc_sous_937-21_Lyrafeder,leaf,deforming,shock/reset,unassigned,E-CAD,name/assembly assumption,external review open,"Conditional spring, nominally stationary in normal run; attachment/compliance unverified (U-MODES/U-SHOCK).",https://www.marcolangwatches.com/cad/ml01-zweigesicht-2/,f34148903818c273e20deeb0e70d3dc7782e08a413bc0e420f30d8c209aa4a2b
p_0_1_1_1__0_1_1_1_4__0_1_1_83_54__0_1_1_194_13__0_1_1_202_5,0:1:1:1/0:1:1:1:4/0:1:1:83:54/0:1:1:194:13/0:1:1:202:5,207,incabloc_sous_937-21_Grundschale,leaf,fixed,normal running,frame,E-CAD,assembly-role assumption,external review open,Support/fastener/dial structure at rest in normal running; fitting and conditional compliance need review where relevant.,https://www.marcolangwatches.com/cad/ml01-zweigesicht-2/,f34148903818c273e20deeb0e70d3dc7782e08a413bc0e420f30d8c209aa4a2b
p_0_1_1_1__0_1_1_1_4__0_1_1_83_54__0_1_1_194_14,0:1:1:1/0:1:1:1:4/0:1:1:83:54/0:1:1:194:14,208,030-G_70x130x25,leaf,fixed,normal running,frame,E-CAD,assembly-role assumption,external review open,Support/fastener/dial structure at rest in normal running; fitting and conditional compliance need review where relevant.,https://www.marcolangwatches.com/cad/ml01-zweigesicht-2/,f34148903818c273e20deeb0e70d3dc7782e08a413bc0e420f30d8c209aa4a2b
p_0_1_1_1__0_1_1_1_4__0_1_1_83_55,0:1:1:1/0:1:1:1:4/0:1:1:83:55,209,ml01 Wechselrad1 vernietet,assembly,continuously-driven,normal running,display-works,E-ANIMATION,functional-assumption,external review open,Expected running wheel/rigid member; specific graph edges and phases remain candidates (U-UPSTREAM/U-DISPLAY).,https://www.marcolangwatches.com/cad/ml01-zweigesicht-2/,f34148903818c273e20deeb0e70d3dc7782e08a413bc0e420f30d8c209aa4a2b
p_0_1_1_1__0_1_1_1_4__0_1_1_83_55__0_1_1_209_1,0:1:1:1/0:1:1:1:4/0:1:1:83:55/0:1:1:209:1,210,"ml01 Wechselrad1 z36 m0,177",leaf,continuously-driven,normal running,display-works,E-ANIMATION,functional-assumption,external review open,Expected running wheel/rigid member; specific graph edges and phases remain candidates (U-UPSTREAM/U-DISPLAY).,https://www.marcolangwatches.com/cad/ml01-zweigesicht-2/,f34148903818c273e20deeb0e70d3dc7782e08a413bc0e420f30d8c209aa4a2b
p_0_1_1_1__0_1_1_1_4__0_1_1_83_55__0_1_1_209_2,0:1:1:1/0:1:1:1:4/0:1:1:83:55/0:1:1:209:2,211,"ml01 Wechseltrieb1 z10 m0,17",leaf,continuously-driven,normal running,display-works,E-ANIMATION,functional-assumption,external review open,Expected running wheel/rigid member; specific graph edges and phases remain candidates (U-UPSTREAM/U-DISPLAY).,https://www.marcolangwatches.com/cad/ml01-zweigesicht-2/,f34148903818c273e20deeb0e70d3dc7782e08a413bc0e420f30d8c209aa4a2b
p_0_1_1_1__0_1_1_1_4__0_1_1_83_56,0:1:1:1/0:1:1:1:4/0:1:1:83:56,212,ml01 Wechselrad2 vernietet,assembly,continuously-driven,normal running,display-works,E-ANIMATION,functional-assumption,external review open,Expected running wheel/rigid member; specific graph edges and phases remain candidates (U-UPSTREAM/U-DISPLAY).,https://www.marcolangwatches.com/cad/ml01-zweigesicht-2/,f34148903818c273e20deeb0e70d3dc7782e08a413bc0e420f30d8c209aa4a2b
p_0_1_1_1__0_1_1_1_4__0_1_1_83_56__0_1_1_212_1,0:1:1:1/0:1:1:1:4/0:1:1:83:56/0:1:1:212:1,213,"ml01 Wechselrad2 z36 m0,177",leaf,continuously-driven,normal running,display-works,E-ANIMATION,functional-assumption,external review open,Expected running wheel/rigid member; specific graph edges and phases remain candidates (U-UPSTREAM/U-DISPLAY).,https://www.marcolangwatches.com/cad/ml01-zweigesicht-2/,f34148903818c273e20deeb0e70d3dc7782e08a413bc0e420f30d8c209aa4a2b
p_0_1_1_1__0_1_1_1_4__0_1_1_83_56__0_1_1_212_2,0:1:1:1/0:1:1:1:4/0:1:1:83:56/0:1:1:212:2,214,ml01 Zeigerwerkswelle2,leaf,continuously-driven,normal running,display-works,E-ANIMATION,functional-assumption,external review open,Expected running wheel/rigid member; specific graph edges and phases remain candidates (U-UPSTREAM/U-DISPLAY).,https://www.marcolangwatches.com/cad/ml01-zweigesicht-2/,f34148903818c273e20deeb0e70d3dc7782e08a413bc0e420f30d8c209aa4a2b
p_0_1_1_1__0_1_1_1_4__0_1_1_83_57,0:1:1:1/0:1:1:1:4/0:1:1:83:57,215,ml01 Wechselrad3 vernietet,assembly,continuously-driven,normal running,display-works,E-ANIMATION,functional-assumption,external review open,Expected running wheel/rigid member; specific graph edges and phases remain candidates (U-UPSTREAM/U-DISPLAY).,https://www.marcolangwatches.com/cad/ml01-zweigesicht-2/,f34148903818c273e20deeb0e70d3dc7782e08a413bc0e420f30d8c209aa4a2b
p_0_1_1_1__0_1_1_1_4__0_1_1_83_57__0_1_1_215_1,0:1:1:1/0:1:1:1:4/0:1:1:83:57/0:1:1:215:1,216,"ml01 Wechselrad3 z 24 m0,15",leaf,continuously-driven,normal running,display-works,E-ANIMATION,functional-assumption,external review open,Expected running wheel/rigid member; specific graph edges and phases remain candidates (U-UPSTREAM/U-DISPLAY).,https://www.marcolangwatches.com/cad/ml01-zweigesicht-2/,f34148903818c273e20deeb0e70d3dc7782e08a413bc0e420f30d8c209aa4a2b
p_0_1_1_1__0_1_1_1_4__0_1_1_83_57__0_1_1_215_2,0:1:1:1/0:1:1:1:4/0:1:1:83:57/0:1:1:215:2,217,"ml01 Wechseltrieb3 z8 m0,12",leaf,continuously-driven,normal running,display-works,E-ANIMATION,functional-assumption,external review open,Expected running wheel/rigid member; specific graph edges and phases remain candidates (U-UPSTREAM/U-DISPLAY).,https://www.marcolangwatches.com/cad/ml01-zweigesicht-2/,f34148903818c273e20deeb0e70d3dc7782e08a413bc0e420f30d8c209aa4a2b
p_0_1_1_1__0_1_1_1_4__0_1_1_83_58,0:1:1:1/0:1:1:1:4/0:1:1:83:58,218,ml01 ZW2 Brücke verstiftet versteint,assembly,unresolved,aggregate; classify descendants individually,unassigned,U-COVERAGE,unresolved,external review open,Source hierarchy contains mixed or unproven motion; never rotate this assembly wholesale.,https://www.marcolangwatches.com/cad/ml01-zweigesicht-2/,f34148903818c273e20deeb0e70d3dc7782e08a413bc0e420f30d8c209aa4a2b
p_0_1_1_1__0_1_1_1_4__0_1_1_83_58__0_1_1_218_1,0:1:1:1/0:1:1:1:4/0:1:1:83:58/0:1:1:218:1,219,ml01 Zeigerwerksbrücke,leaf,fixed,normal running,frame,E-CAD,assembly-role assumption,external review open,Support/fastener/dial structure at rest in normal running; fitting and conditional compliance need review where relevant.,https://www.marcolangwatches.com/cad/ml01-zweigesicht-2/,f34148903818c273e20deeb0e70d3dc7782e08a413bc0e420f30d8c209aa4a2b
p_0_1_1_1__0_1_1_1_4__0_1_1_83_58__0_1_1_218_2,0:1:1:1/0:1:1:1:4/0:1:1:83:58/0:1:1:218:2,208,030-G_70x130x25,leaf,fixed,normal running,frame,E-CAD,assembly-role assumption,external review open,Support/fastener/dial structure at rest in normal running; fitting and conditional compliance need review where relevant.,https://www.marcolangwatches.com/cad/ml01-zweigesicht-2/,f34148903818c273e20deeb0e70d3dc7782e08a413bc0e420f30d8c209aa4a2b
p_0_1_1_1__0_1_1_1_4__0_1_1_83_58__0_1_1_218_3,0:1:1:1/0:1:1:1:4/0:1:1:83:58/0:1:1:218:3,220,020-40x140,leaf,fixed,normal running,frame,E-CAD,assembly-role assumption,external review open,Support/fastener/dial structure at rest in normal running; fitting and conditional compliance need review where relevant.,https://www.marcolangwatches.com/cad/ml01-zweigesicht-2/,f34148903818c273e20deeb0e70d3dc7782e08a413bc0e420f30d8c209aa4a2b
p_0_1_1_1__0_1_1_1_4__0_1_1_83_58__0_1_1_218_4,0:1:1:1/0:1:1:1:4/0:1:1:83:58/0:1:1:218:4,220,020-40x140,leaf,fixed,normal running,frame,E-CAD,assembly-role assumption,external review open,Support/fastener/dial structure at rest in normal running; fitting and conditional compliance need review where relevant.,https://www.marcolangwatches.com/cad/ml01-zweigesicht-2/,f34148903818c273e20deeb0e70d3dc7782e08a413bc0e420f30d8c209aa4a2b
p_0_1_1_1__0_1_1_1_4__0_1_1_83_59,0:1:1:1/0:1:1:1:4/0:1:1:83:59,221,ml01 Unruhbrücke verstiftet versteint,assembly,unresolved,aggregate; classify descendants individually,unassigned,U-COVERAGE,unresolved,external review open,Source hierarchy contains mixed or unproven motion; never rotate this assembly wholesale.,https://www.marcolangwatches.com/cad/ml01-zweigesicht-2/,f34148903818c273e20deeb0e70d3dc7782e08a413bc0e420f30d8c209aa4a2b
p_0_1_1_1__0_1_1_1_4__0_1_1_83_59__0_1_1_221_1,0:1:1:1/0:1:1:1:4/0:1:1:83:59/0:1:1:221:1,222,ml01 Unruhbrücke,leaf,fixed,normal running,frame,E-CAD,assembly-role assumption,external review open,Support/fastener/dial structure at rest in normal running; fitting and conditional compliance need review where relevant.,https://www.marcolangwatches.com/cad/ml01-zweigesicht-2/,f34148903818c273e20deeb0e70d3dc7782e08a413bc0e420f30d8c209aa4a2b
p_0_1_1_1__0_1_1_1_4__0_1_1_83_59__0_1_1_221_2,0:1:1:1/0:1:1:1:4/0:1:1:83:59/0:1:1:221:2,202,incabloc_sous_937-21,assembly,unresolved,aggregate; classify descendants individually,unassigned,U-COVERAGE,unresolved,external review open,Source hierarchy contains mixed or unproven motion; never rotate this assembly wholesale.,https://www.marcolangwatches.com/cad/ml01-zweigesicht-2/,f34148903818c273e20deeb0e70d3dc7782e08a413bc0e420f30d8c209aa4a2b
p_0_1_1_1__0_1_1_1_4__0_1_1_83_59__0_1_1_221_2__0_1_1_202_1,0:1:1:1/0:1:1:1:4/0:1:1:83:59/0:1:1:221:2/0:1:1:202:1,203,incabloc_sous_937-21_Lochsteinschale,leaf,fixed,normal running,frame,E-CAD,assembly-role assumption,external review open,Support/fastener/dial structure at rest in normal running; fitting and conditional compliance need review where relevant.,https://www.marcolangwatches.com/cad/ml01-zweigesicht-2/,f34148903818c273e20deeb0e70d3dc7782e08a413bc0e420f30d8c209aa4a2b
p_0_1_1_1__0_1_1_1_4__0_1_1_83_59__0_1_1_221_2__0_1_1_202_2,0:1:1:1/0:1:1:1:4/0:1:1:83:59/0:1:1:221:2/0:1:1:202:2,204,incabloc_sous_937-21_BO_9x90x14,leaf,fixed,normal running,frame,E-CAD,assembly-role assumption,external review open,Support/fastener/dial structure at rest in normal running; fitting and conditional compliance need review where relevant.,https://www.marcolangwatches.com/cad/ml01-zweigesicht-2/,f34148903818c273e20deeb0e70d3dc7782e08a413bc0e420f30d8c209aa4a2b
p_0_1_1_1__0_1_1_1_4__0_1_1_83_59__0_1_1_221_2__0_1_1_202_3,0:1:1:1/0:1:1:1:4/0:1:1:83:59/0:1:1:221:2/0:1:1:202:3,205,incabloc_sous_937-21_CPB_0x105x8,leaf,fixed,normal running,frame,E-CAD,assembly-role assumption,external review open,Support/fastener/dial structure at rest in normal running; fitting and conditional compliance need review where relevant.,https://www.marcolangwatches.com/cad/ml01-zweigesicht-2/,f34148903818c273e20deeb0e70d3dc7782e08a413bc0e420f30d8c209aa4a2b
p_0_1_1_1__0_1_1_1_4__0_1_1_83_59__0_1_1_221_2__0_1_1_202_4,0:1:1:1/0:1:1:1:4/0:1:1:83:59/0:1:1:221:2/0:1:1:202:4,206,incabloc_sous_937-21_Lyrafeder,leaf,deforming,shock/reset,unassigned,E-CAD,name/assembly assumption,external review open,"Conditional spring, nominally stationary in normal run; attachment/compliance unverified (U-MODES/U-SHOCK).",https://www.marcolangwatches.com/cad/ml01-zweigesicht-2/,f34148903818c273e20deeb0e70d3dc7782e08a413bc0e420f30d8c209aa4a2b
p_0_1_1_1__0_1_1_1_4__0_1_1_83_59__0_1_1_221_2__0_1_1_202_5,0:1:1:1/0:1:1:1:4/0:1:1:83:59/0:1:1:221:2/0:1:1:202:5,207,incabloc_sous_937-21_Grundschale,leaf,fixed,normal running,frame,E-CAD,assembly-role assumption,external review open,Support/fastener/dial structure at rest in normal running; fitting and conditional compliance need review where relevant.,https://www.marcolangwatches.com/cad/ml01-zweigesicht-2/,f34148903818c273e20deeb0e70d3dc7782e08a413bc0e420f30d8c209aa4a2b
p_0_1_1_1__0_1_1_1_4__0_1_1_83_59__0_1_1_221_3,0:1:1:1/0:1:1:1:4/0:1:1:83:59/0:1:1:221:3,223,ml01 Diamantchaton verpresst,assembly,unresolved,aggregate; classify descendants individually,unassigned,U-COVERAGE,unresolved,external review open,Source hierarchy contains mixed or unproven motion; never rotate this assembly wholesale.,https://www.marcolangwatches.com/cad/ml01-zweigesicht-2/,f34148903818c273e20deeb0e70d3dc7782e08a413bc0e420f30d8c209aa4a2b
p_0_1_1_1__0_1_1_1_4__0_1_1_83_59__0_1_1_221_3__0_1_1_223_1,0:1:1:1/0:1:1:1:4/0:1:1:83:59/0:1:1:221:3/0:1:1:223:1,224,ml01 Diamantchaton,leaf,fixed,normal running,frame,E-CAD,assembly-role assumption,external review open,Support/fastener/dial structure at rest in normal running; fitting and conditional compliance need review where relevant.,https://www.marcolangwatches.com/cad/ml01-zweigesicht-2/,f34148903818c273e20deeb0e70d3dc7782e08a413bc0e420f30d8c209aa4a2b
p_0_1_1_1__0_1_1_1_4__0_1_1_83_59__0_1_1_221_3__0_1_1_223_2,0:1:1:1/0:1:1:1:4/0:1:1:83:59/0:1:1:221:3/0:1:1:223:2,225,030-Brilliant_200,leaf,fixed,normal running,frame,E-CAD,assembly-role assumption,external review open,Support/fastener/dial structure at rest in normal running; fitting and conditional compliance need review where relevant.,https://www.marcolangwatches.com/cad/ml01-zweigesicht-2/,f34148903818c273e20deeb0e70d3dc7782e08a413bc0e420f30d8c209aa4a2b
p_0_1_1_1__0_1_1_1_4__0_1_1_83_59__0_1_1_221_4,0:1:1:1/0:1:1:1:4/0:1:1:83:59/0:1:1:221:4,117,ml01 Klötzchen,leaf,fixed,normal running,frame,E-CAD,assembly-role assumption,external review open,Support/fastener/dial structure at rest in normal running; fitting and conditional compliance need review where relevant.,https://www.marcolangwatches.com/cad/ml01-zweigesicht-2/,f34148903818c273e20deeb0e70d3dc7782e08a413bc0e420f30d8c209aa4a2b
p_0_1_1_1__0_1_1_1_4__0_1_1_83_59__0_1_1_221_5,0:1:1:1/0:1:1:1:4/0:1:1:83:59/0:1:1:221:5,103,020-50x165,leaf,fixed,normal running,frame,E-CAD,assembly-role assumption,external review open,Support/fastener/dial structure at rest in normal running; fitting and conditional compliance need review where relevant.,https://www.marcolangwatches.com/cad/ml01-zweigesicht-2/,f34148903818c273e20deeb0e70d3dc7782e08a413bc0e420f30d8c209aa4a2b
p_0_1_1_1__0_1_1_1_4__0_1_1_83_59__0_1_1_221_6,0:1:1:1/0:1:1:1:4/0:1:1:83:59/0:1:1:221:6,103,020-50x165,leaf,fixed,normal running,frame,E-CAD,assembly-role assumption,external review open,Support/fastener/dial structure at rest in normal running; fitting and conditional compliance need review where relevant.,https://www.marcolangwatches.com/cad/ml01-zweigesicht-2/,f34148903818c273e20deeb0e70d3dc7782e08a413bc0e420f30d8c209aa4a2b
p_0_1_1_1__0_1_1_1_4__0_1_1_83_59__0_1_1_221_7,0:1:1:1/0:1:1:1:4/0:1:1:83:59/0:1:1:221:7,226,010-linzyl s40x70 k80x20,leaf,fixed,normal running,frame,E-CAD,assembly-role assumption,external review open,Support/fastener/dial structure at rest in normal running; fitting and conditional compliance need review where relevant.,https://www.marcolangwatches.com/cad/ml01-zweigesicht-2/,f34148903818c273e20deeb0e70d3dc7782e08a413bc0e420f30d8c209aa4a2b
p_0_1_1_1__0_1_1_1_4__0_1_1_83_59__0_1_1_221_8,0:1:1:1/0:1:1:1:4/0:1:1:83:59/0:1:1:221:8,123,010-linzyl s50x75 k95x25,leaf,fixed,normal running,frame,E-CAD,assembly-role assumption,external review open,Support/fastener/dial structure at rest in normal running; fitting and conditional compliance need review where relevant.,https://www.marcolangwatches.com/cad/ml01-zweigesicht-2/,f34148903818c273e20deeb0e70d3dc7782e08a413bc0e420f30d8c209aa4a2b
p_0_1_1_1__0_1_1_1_4__0_1_1_83_59__0_1_1_221_9,0:1:1:1/0:1:1:1:4/0:1:1:83:59/0:1:1:221:9,123,010-linzyl s50x75 k95x25,leaf,fixed,normal running,frame,E-CAD,assembly-role assumption,external review open,Support/fastener/dial structure at rest in normal running; fitting and conditional compliance need review where relevant.,https://www.marcolangwatches.com/cad/ml01-zweigesicht-2/,f34148903818c273e20deeb0e70d3dc7782e08a413bc0e420f30d8c209aa4a2b
p_0_1_1_1__0_1_1_1_4__0_1_1_83_60,0:1:1:1/0:1:1:1:4/0:1:1:83:60,227,ml01 Federhausbrücke verstiftet versteint,assembly,unresolved,aggregate; classify descendants individually,unassigned,U-COVERAGE,unresolved,external review open,Source hierarchy contains mixed or unproven motion; never rotate this assembly wholesale.,https://www.marcolangwatches.com/cad/ml01-zweigesicht-2/,f34148903818c273e20deeb0e70d3dc7782e08a413bc0e420f30d8c209aa4a2b
p_0_1_1_1__0_1_1_1_4__0_1_1_83_60__0_1_1_227_1,0:1:1:1/0:1:1:1:4/0:1:1:83:60/0:1:1:227:1,228,ml01 Federhausbrücke,leaf,fixed,normal running,frame,E-CAD,assembly-role assumption,external review open,Support/fastener/dial structure at rest in normal running; fitting and conditional compliance need review where relevant.,https://www.marcolangwatches.com/cad/ml01-zweigesicht-2/,f34148903818c273e20deeb0e70d3dc7782e08a413bc0e420f30d8c209aa4a2b
p_0_1_1_1__0_1_1_1_4__0_1_1_83_60__0_1_1_227_2,0:1:1:1/0:1:1:1:4/0:1:1:83:60/0:1:1:227:2,196,030-G_90x200x45,leaf,fixed,normal running,frame,E-CAD,assembly-role assumption,external review open,Support/fastener/dial structure at rest in normal running; fitting and conditional compliance need review where relevant.,https://www.marcolangwatches.com/cad/ml01-zweigesicht-2/,f34148903818c273e20deeb0e70d3dc7782e08a413bc0e420f30d8c209aa4a2b
p_0_1_1_1__0_1_1_1_4__0_1_1_83_60__0_1_1_227_3,0:1:1:1/0:1:1:1:4/0:1:1:83:60/0:1:1:227:3,196,030-G_90x200x45,leaf,fixed,normal running,frame,E-CAD,assembly-role assumption,external review open,Support/fastener/dial structure at rest in normal running; fitting and conditional compliance need review where relevant.,https://www.marcolangwatches.com/cad/ml01-zweigesicht-2/,f34148903818c273e20deeb0e70d3dc7782e08a413bc0e420f30d8c209aa4a2b
p_0_1_1_1__0_1_1_1_4__0_1_1_83_60__0_1_1_227_4,0:1:1:1/0:1:1:1:4/0:1:1:83:60/0:1:1:227:4,103,020-50x165,leaf,fixed,normal running,frame,E-CAD,assembly-role assumption,external review open,Support/fastener/dial structure at rest in normal running; fitting and conditional compliance need review where relevant.,https://www.marcolangwatches.com/cad/ml01-zweigesicht-2/,f34148903818c273e20deeb0e70d3dc7782e08a413bc0e420f30d8c209aa4a2b
p_0_1_1_1__0_1_1_1_4__0_1_1_83_60__0_1_1_227_5,0:1:1:1/0:1:1:1:4/0:1:1:83:60/0:1:1:227:5,103,020-50x165,leaf,fixed,normal running,frame,E-CAD,assembly-role assumption,external review open,Support/fastener/dial structure at rest in normal running; fitting and conditional compliance need review where relevant.,https://www.marcolangwatches.com/cad/ml01-zweigesicht-2/,f34148903818c273e20deeb0e70d3dc7782e08a413bc0e420f30d8c209aa4a2b
p_0_1_1_1__0_1_1_1_4__0_1_1_83_60__0_1_1_227_6,0:1:1:1/0:1:1:1:4/0:1:1:83:60/0:1:1:227:6,199,030-G_30x100x25,leaf,fixed,normal running,frame,E-CAD,assembly-role assumption,external review open,Support/fastener/dial structure at rest in normal running; fitting and conditional compliance need review where relevant.,https://www.marcolangwatches.com/cad/ml01-zweigesicht-2/,f34148903818c273e20deeb0e70d3dc7782e08a413bc0e420f30d8c209aa4a2b
p_0_1_1_1__0_1_1_1_4__0_1_1_83_60__0_1_1_227_7,0:1:1:1/0:1:1:1:4/0:1:1:83:60/0:1:1:227:7,199,030-G_30x100x25,leaf,fixed,normal running,frame,E-CAD,assembly-role assumption,external review open,Support/fastener/dial structure at rest in normal running; fitting and conditional compliance need review where relevant.,https://www.marcolangwatches.com/cad/ml01-zweigesicht-2/,f34148903818c273e20deeb0e70d3dc7782e08a413bc0e420f30d8c209aa4a2b
p_0_1_1_1__0_1_1_1_4__0_1_1_83_61,0:1:1:1/0:1:1:1:4/0:1:1:83:61,229,ml01 Min_Brücke versteint verstiftet,assembly,unresolved,aggregate; classify descendants individually,unassigned,U-COVERAGE,unresolved,external review open,Source hierarchy contains mixed or unproven motion; never rotate this assembly wholesale.,https://www.marcolangwatches.com/cad/ml01-zweigesicht-2/,f34148903818c273e20deeb0e70d3dc7782e08a413bc0e420f30d8c209aa4a2b
p_0_1_1_1__0_1_1_1_4__0_1_1_83_61__0_1_1_229_1,0:1:1:1/0:1:1:1:4/0:1:1:83:61/0:1:1:229:1,230,ml01 Minutenbrücke,leaf,fixed,normal running,frame,E-CAD,assembly-role assumption,external review open,Support/fastener/dial structure at rest in normal running; fitting and conditional compliance need review where relevant.,https://www.marcolangwatches.com/cad/ml01-zweigesicht-2/,f34148903818c273e20deeb0e70d3dc7782e08a413bc0e420f30d8c209aa4a2b
p_0_1_1_1__0_1_1_1_4__0_1_1_83_61__0_1_1_229_2,0:1:1:1/0:1:1:1:4/0:1:1:83:61/0:1:1:229:2,150,020-50x130,leaf,fixed,normal running,frame,E-CAD,assembly-role assumption,external review open,Support/fastener/dial structure at rest in normal running; fitting and conditional compliance need review where relevant.,https://www.marcolangwatches.com/cad/ml01-zweigesicht-2/,f34148903818c273e20deeb0e70d3dc7782e08a413bc0e420f30d8c209aa4a2b
p_0_1_1_1__0_1_1_1_4__0_1_1_83_61__0_1_1_229_3,0:1:1:1/0:1:1:1:4/0:1:1:83:61/0:1:1:229:3,150,020-50x130,leaf,fixed,normal running,frame,E-CAD,assembly-role assumption,external review open,Support/fastener/dial structure at rest in normal running; fitting and conditional compliance need review where relevant.,https://www.marcolangwatches.com/cad/ml01-zweigesicht-2/,f34148903818c273e20deeb0e70d3dc7782e08a413bc0e420f30d8c209aa4a2b
p_0_1_1_1__0_1_1_1_4__0_1_1_83_61__0_1_1_229_4,0:1:1:1/0:1:1:1:4/0:1:1:83:61/0:1:1:229:4,231,030-G_70x160x30,leaf,fixed,normal running,frame,E-CAD,assembly-role assumption,external review open,Support/fastener/dial structure at rest in normal running; fitting and conditional compliance need review where relevant.,https://www.marcolangwatches.com/cad/ml01-zweigesicht-2/,f34148903818c273e20deeb0e70d3dc7782e08a413bc0e420f30d8c209aa4a2b
p_0_1_1_1__0_1_1_1_4__0_1_1_83_62,0:1:1:1/0:1:1:1:4/0:1:1:83:62,232,ml01 Gangrad Niv20.5 vernietet,assembly,continuously-driven,normal running,escape,E-MECH,geometry-supported,external review open,Recorded rigid shaft member; cycle/sign/contact still open (U-ESC/U-TRAIN).,https://www.marcolangwatches.com/cad/ml01-zweigesicht-2/,f34148903818c273e20deeb0e70d3dc7782e08a413bc0e420f30d8c209aa4a2b
p_0_1_1_1__0_1_1_1_4__0_1_1_83_62__0_1_1_232_1,0:1:1:1/0:1:1:1:4/0:1:1:83:62/0:1:1:232:1,233,ml01 Gangrad Niv20.5,leaf,continuously-driven,normal running,escape,E-MECH,geometry-supported,external review open,Recorded rigid shaft member; cycle/sign/contact still open (U-ESC/U-TRAIN).,https://www.marcolangwatches.com/cad/ml01-zweigesicht-2/,f34148903818c273e20deeb0e70d3dc7782e08a413bc0e420f30d8c209aa4a2b
p_0_1_1_1__0_1_1_1_4__0_1_1_83_62__0_1_1_232_2,0:1:1:1/0:1:1:1:4/0:1:1:83:62/0:1:1:232:2,234,"ml01 Gangtrieb z9 m0,102",leaf,continuously-driven,normal running,escape,E-MECH,geometry-supported,external review open,Recorded rigid shaft member; cycle/sign/contact still open (U-ESC/U-TRAIN).,https://www.marcolangwatches.com/cad/ml01-zweigesicht-2/,f34148903818c273e20deeb0e70d3dc7782e08a413bc0e420f30d8c209aa4a2b
p_0_1_1_1__0_1_1_1_4__0_1_1_83_62__0_1_1_232_3,0:1:1:1/0:1:1:1:4/0:1:1:83:62/0:1:1:232:3,235,ml01 Butzen Gangrad,leaf,continuously-driven,normal running,escape,E-MECH,geometry-supported,external review open,Recorded rigid shaft member; cycle/sign/contact still open (U-ESC/U-TRAIN).,https://www.marcolangwatches.com/cad/ml01-zweigesicht-2/,f34148903818c273e20deeb0e70d3dc7782e08a413bc0e420f30d8c209aa4a2b
p_0_1_1_1__0_1_1_1_4__0_1_1_83_63,0:1:1:1/0:1:1:1:4/0:1:1:83:63,236,ml01 Kleinbodenrad vernietet,assembly,continuously-driven,normal running,third,E-MECH,geometry-supported,external review open,Recorded rigid shaft member; cycle/sign/contact still open (U-ESC/U-TRAIN).,https://www.marcolangwatches.com/cad/ml01-zweigesicht-2/,f34148903818c273e20deeb0e70d3dc7782e08a413bc0e420f30d8c209aa4a2b
p_0_1_1_1__0_1_1_1_4__0_1_1_83_63__0_1_1_236_1,0:1:1:1/0:1:1:1:4/0:1:1:83:63/0:1:1:236:1,237,"ml01 Kleinbodentrieb z10 m0,13",leaf,continuously-driven,normal running,third,E-MECH,geometry-supported,external review open,Recorded rigid shaft member; cycle/sign/contact still open (U-ESC/U-TRAIN).,https://www.marcolangwatches.com/cad/ml01-zweigesicht-2/,f34148903818c273e20deeb0e70d3dc7782e08a413bc0e420f30d8c209aa4a2b
p_0_1_1_1__0_1_1_1_4__0_1_1_83_63__0_1_1_236_2,0:1:1:1/0:1:1:1:4/0:1:1:83:63/0:1:1:236:2,238,"ml01 Kleinbodenrad z75 m0,1159",leaf,continuously-driven,normal running,third,E-MECH,geometry-supported,external review open,Recorded rigid shaft member; cycle/sign/contact still open (U-ESC/U-TRAIN).,https://www.marcolangwatches.com/cad/ml01-zweigesicht-2/,f34148903818c273e20deeb0e70d3dc7782e08a413bc0e420f30d8c209aa4a2b
p_0_1_1_1__0_1_1_1_4__0_1_1_83_64,0:1:1:1/0:1:1:1:4/0:1:1:83:64,239,ml01 Aufzugsbrücke vestiftet,assembly,unresolved,aggregate; classify descendants individually,unassigned,U-COVERAGE,unresolved,external review open,Source hierarchy contains mixed or unproven motion; never rotate this assembly wholesale.,https://www.marcolangwatches.com/cad/ml01-zweigesicht-2/,f34148903818c273e20deeb0e70d3dc7782e08a413bc0e420f30d8c209aa4a2b
p_0_1_1_1__0_1_1_1_4__0_1_1_83_64__0_1_1_239_1,0:1:1:1/0:1:1:1:4/0:1:1:83:64/0:1:1:239:1,240,ml01 Aufzugsbrücke,leaf,fixed,normal running,frame,E-CAD,assembly-role assumption,external review open,Support/fastener/dial structure at rest in normal running; fitting and conditional compliance need review where relevant.,https://www.marcolangwatches.com/cad/ml01-zweigesicht-2/,f34148903818c273e20deeb0e70d3dc7782e08a413bc0e420f30d8c209aa4a2b
p_0_1_1_1__0_1_1_1_4__0_1_1_83_64__0_1_1_239_2,0:1:1:1/0:1:1:1:4/0:1:1:83:64/0:1:1:239:2,103,020-50x165,leaf,fixed,normal running,frame,E-CAD,assembly-role assumption,external review open,Support/fastener/dial structure at rest in normal running; fitting and conditional compliance need review where relevant.,https://www.marcolangwatches.com/cad/ml01-zweigesicht-2/,f34148903818c273e20deeb0e70d3dc7782e08a413bc0e420f30d8c209aa4a2b
p_0_1_1_1__0_1_1_1_4__0_1_1_83_64__0_1_1_239_3,0:1:1:1/0:1:1:1:4/0:1:1:83:64/0:1:1:239:3,149,020-50x200,leaf,fixed,normal running,frame,E-CAD,assembly-role assumption,external review open,Support/fastener/dial structure at rest in normal running; fitting and conditional compliance need review where relevant.,https://www.marcolangwatches.com/cad/ml01-zweigesicht-2/,f34148903818c273e20deeb0e70d3dc7782e08a413bc0e420f30d8c209aa4a2b
p_0_1_1_1__0_1_1_1_4__0_1_1_83_65,0:1:1:1/0:1:1:1:4/0:1:1:83:65,241,ml01 Sekundenrad vernietet,assembly,continuously-driven,normal running,seconds,E-MECH,geometry-supported,external review open,Recorded rigid shaft member; cycle/sign/contact still open (U-ESC/U-TRAIN).,https://www.marcolangwatches.com/cad/ml01-zweigesicht-2/,f34148903818c273e20deeb0e70d3dc7782e08a413bc0e420f30d8c209aa4a2b
p_0_1_1_1__0_1_1_1_4__0_1_1_83_65__0_1_1_241_1,0:1:1:1/0:1:1:1:4/0:1:1:83:65/0:1:1:241:1,242,"ml01 Sekundentrieb z8 m0,1159",leaf,continuously-driven,normal running,seconds,E-MECH,geometry-supported,external review open,Recorded rigid shaft member; cycle/sign/contact still open (U-ESC/U-TRAIN).,https://www.marcolangwatches.com/cad/ml01-zweigesicht-2/,f34148903818c273e20deeb0e70d3dc7782e08a413bc0e420f30d8c209aa4a2b
p_0_1_1_1__0_1_1_1_4__0_1_1_83_65__0_1_1_241_2,0:1:1:1/0:1:1:1:4/0:1:1:83:65/0:1:1:241:2,243,"ml01 Sekundenrad z81 m0,102",leaf,continuously-driven,normal running,seconds,E-MECH,geometry-supported,external review open,Recorded rigid shaft member; cycle/sign/contact still open (U-ESC/U-TRAIN).,https://www.marcolangwatches.com/cad/ml01-zweigesicht-2/,f34148903818c273e20deeb0e70d3dc7782e08a413bc0e420f30d8c209aa4a2b
p_0_1_1_1__0_1_1_1_4__0_1_1_83_66,0:1:1:1/0:1:1:1:4/0:1:1:83:66,244,ml01 Winkelhebelfeder 2 Positionen,leaf,deforming,winding/setting,unassigned,E-CAD,name/assembly assumption,external review open,"Conditional spring, nominally stationary in normal run; attachment/compliance unverified (U-MODES/U-SHOCK).",https://www.marcolangwatches.com/cad/ml01-zweigesicht-2/,f34148903818c273e20deeb0e70d3dc7782e08a413bc0e420f30d8c209aa4a2b
p_0_1_1_1__0_1_1_1_4__0_1_1_83_67,0:1:1:1/0:1:1:1:4/0:1:1:83:67,9,010-linsenk s60x105 k90x25,leaf,fixed,normal running,frame,E-CAD,assembly-role assumption,external review open,Support/fastener/dial structure at rest in normal running; fitting and conditional compliance need review where relevant.,https://www.marcolangwatches.com/cad/ml01-zweigesicht-2/,f34148903818c273e20deeb0e70d3dc7782e08a413bc0e420f30d8c209aa4a2b
p_0_1_1_1__0_1_1_1_4__0_1_1_83_68,0:1:1:1/0:1:1:1:4/0:1:1:83:68,166,010-zyl s60x58 k115x25,leaf,fixed,normal running,frame,E-CAD,assembly-role assumption,external review open,Support/fastener/dial structure at rest in normal running; fitting and conditional compliance need review where relevant.,https://www.marcolangwatches.com/cad/ml01-zweigesicht-2/,f34148903818c273e20deeb0e70d3dc7782e08a413bc0e420f30d8c209aa4a2b
p_0_1_1_1__0_1_1_1_4__0_1_1_83_69,0:1:1:1/0:1:1:1:4/0:1:1:83:69,245,ml01 Zeigerstellungsfeder verstiftet,assembly,unresolved,aggregate; classify descendants individually,unassigned,U-COVERAGE,unresolved,external review open,Source hierarchy contains mixed or unproven motion; never rotate this assembly wholesale.,https://www.marcolangwatches.com/cad/ml01-zweigesicht-2/,f34148903818c273e20deeb0e70d3dc7782e08a413bc0e420f30d8c209aa4a2b
p_0_1_1_1__0_1_1_1_4__0_1_1_83_69__0_1_1_245_1,0:1:1:1/0:1:1:1:4/0:1:1:83:69/0:1:1:245:1,124,020-50x100,leaf,fixed,normal running,frame,E-CAD,assembly-role assumption,external review open,Support/fastener/dial structure at rest in normal running; fitting and conditional compliance need review where relevant.,https://www.marcolangwatches.com/cad/ml01-zweigesicht-2/,f34148903818c273e20deeb0e70d3dc7782e08a413bc0e420f30d8c209aa4a2b
p_0_1_1_1__0_1_1_1_4__0_1_1_83_69__0_1_1_245_2,0:1:1:1/0:1:1:1:4/0:1:1:83:69/0:1:1:245:2,124,020-50x100,leaf,fixed,normal running,frame,E-CAD,assembly-role assumption,external review open,Support/fastener/dial structure at rest in normal running; fitting and conditional compliance need review where relevant.,https://www.marcolangwatches.com/cad/ml01-zweigesicht-2/,f34148903818c273e20deeb0e70d3dc7782e08a413bc0e420f30d8c209aa4a2b
p_0_1_1_1__0_1_1_1_4__0_1_1_83_69__0_1_1_245_3,0:1:1:1/0:1:1:1:4/0:1:1:83:69/0:1:1:245:3,246,ml01 Zeigerstellungsfeder,leaf,deforming,winding/setting,unassigned,E-CAD,name/assembly assumption,external review open,"Conditional spring, nominally stationary in normal run; attachment/compliance unverified (U-MODES/U-SHOCK).",https://www.marcolangwatches.com/cad/ml01-zweigesicht-2/,f34148903818c273e20deeb0e70d3dc7782e08a413bc0e420f30d8c209aa4a2b
p_0_1_1_1__0_1_1_1_4__0_1_1_83_70,0:1:1:1/0:1:1:1:4/0:1:1:83:70,247,ml01 Winkelhebel vestiftet,assembly,conditionally-driven,winding / setting / explicit correction; normal-running coupling unresolved for 97/172,unassigned,E-CAD,name/assembly assumption,external review open,Conditional input mechanism; determine mode and any back-drive before X1 (U-MODES).,https://www.marcolangwatches.com/cad/ml01-zweigesicht-2/,f34148903818c273e20deeb0e70d3dc7782e08a413bc0e420f30d8c209aa4a2b
p_0_1_1_1__0_1_1_1_4__0_1_1_83_70__0_1_1_247_1,0:1:1:1/0:1:1:1:4/0:1:1:83:70/0:1:1:247:1,248,ml01 Winkelhebel,leaf,conditionally-driven,winding / setting / explicit correction; normal-running coupling unresolved for 97/172,unassigned,E-CAD,name/assembly assumption,external review open,Conditional input mechanism; determine mode and any back-drive before X1 (U-MODES).,https://www.marcolangwatches.com/cad/ml01-zweigesicht-2/,f34148903818c273e20deeb0e70d3dc7782e08a413bc0e420f30d8c209aa4a2b
p_0_1_1_1__0_1_1_1_4__0_1_1_83_70__0_1_1_247_2,0:1:1:1/0:1:1:1:4/0:1:1:83:70/0:1:1:247:2,124,020-50x100,leaf,fixed,normal running,frame,E-CAD,assembly-role assumption,external review open,Support/fastener/dial structure at rest in normal running; fitting and conditional compliance need review where relevant.,https://www.marcolangwatches.com/cad/ml01-zweigesicht-2/,f34148903818c273e20deeb0e70d3dc7782e08a413bc0e420f30d8c209aa4a2b
p_0_1_1_1__0_1_1_1_4__0_1_1_83_71,0:1:1:1/0:1:1:1:4/0:1:1:83:71,107,010-linsenk s50x55 k80x25,leaf,fixed,normal running,frame,E-CAD,assembly-role assumption,external review open,Support/fastener/dial structure at rest in normal running; fitting and conditional compliance need review where relevant.,https://www.marcolangwatches.com/cad/ml01-zweigesicht-2/,f34148903818c273e20deeb0e70d3dc7782e08a413bc0e420f30d8c209aa4a2b
p_0_1_1_1__0_1_1_1_4__0_1_1_83_72,0:1:1:1/0:1:1:1:4/0:1:1:83:72,107,010-linsenk s50x55 k80x25,leaf,fixed,normal running,frame,E-CAD,assembly-role assumption,external review open,Support/fastener/dial structure at rest in normal running; fitting and conditional compliance need review where relevant.,https://www.marcolangwatches.com/cad/ml01-zweigesicht-2/,f34148903818c273e20deeb0e70d3dc7782e08a413bc0e420f30d8c209aa4a2b
p_0_1_1_1__0_1_1_1_4__0_1_1_83_73,0:1:1:1/0:1:1:1:4/0:1:1:83:73,122,010-zylsenk s80x120 k125x40,leaf,fixed,normal running,frame,E-CAD,assembly-role assumption,external review open,Support/fastener/dial structure at rest in normal running; fitting and conditional compliance need review where relevant.,https://www.marcolangwatches.com/cad/ml01-zweigesicht-2/,f34148903818c273e20deeb0e70d3dc7782e08a413bc0e420f30d8c209aa4a2b
p_0_1_1_1__0_1_1_1_4__0_1_1_83_74,0:1:1:1/0:1:1:1:4/0:1:1:83:74,249,"ml01 Kronrad z45 m0,15",leaf,conditionally-driven,winding / setting / explicit correction; normal-running coupling unresolved for 97/172,unassigned,E-CAD,name/assembly assumption,external review open,Conditional input mechanism; determine mode and any back-drive before X1 (U-MODES).,https://www.marcolangwatches.com/cad/ml01-zweigesicht-2/,f34148903818c273e20deeb0e70d3dc7782e08a413bc0e420f30d8c209aa4a2b
p_0_1_1_1__0_1_1_1_4__0_1_1_83_75,0:1:1:1/0:1:1:1:4/0:1:1:83:75,250,ml01 Kronradplatte verstiftet,assembly,unresolved,aggregate; classify descendants individually,unassigned,U-COVERAGE,unresolved,external review open,Source hierarchy contains mixed or unproven motion; never rotate this assembly wholesale.,https://www.marcolangwatches.com/cad/ml01-zweigesicht-2/,f34148903818c273e20deeb0e70d3dc7782e08a413bc0e420f30d8c209aa4a2b
p_0_1_1_1__0_1_1_1_4__0_1_1_83_75__0_1_1_250_1,0:1:1:1/0:1:1:1:4/0:1:1:83:75/0:1:1:250:1,251,ml01 Kronradplatte,leaf,fixed,normal running,frame,E-CAD,assembly-role assumption,external review open,Support/fastener/dial structure at rest in normal running; fitting and conditional compliance need review where relevant.,https://www.marcolangwatches.com/cad/ml01-zweigesicht-2/,f34148903818c273e20deeb0e70d3dc7782e08a413bc0e420f30d8c209aa4a2b
p_0_1_1_1__0_1_1_1_4__0_1_1_83_75__0_1_1_250_2,0:1:1:1/0:1:1:1:4/0:1:1:83:75/0:1:1:250:2,220,020-40x140,leaf,fixed,normal running,frame,E-CAD,assembly-role assumption,external review open,Support/fastener/dial structure at rest in normal running; fitting and conditional compliance need review where relevant.,https://www.marcolangwatches.com/cad/ml01-zweigesicht-2/,f34148903818c273e20deeb0e70d3dc7782e08a413bc0e420f30d8c209aa4a2b
p_0_1_1_1__0_1_1_1_4__0_1_1_83_75__0_1_1_250_3,0:1:1:1/0:1:1:1:4/0:1:1:83:75/0:1:1:250:3,220,020-40x140,leaf,fixed,normal running,frame,E-CAD,assembly-role assumption,external review open,Support/fastener/dial structure at rest in normal running; fitting and conditional compliance need review where relevant.,https://www.marcolangwatches.com/cad/ml01-zweigesicht-2/,f34148903818c273e20deeb0e70d3dc7782e08a413bc0e420f30d8c209aa4a2b
p_0_1_1_1__0_1_1_1_4__0_1_1_83_76,0:1:1:1/0:1:1:1:4/0:1:1:83:76,252,ml01 Sperrfeder,leaf,deforming,winding/setting,unassigned,E-CAD,name/assembly assumption,external review open,"Conditional spring, nominally stationary in normal run; attachment/compliance unverified (U-MODES/U-SHOCK).",https://www.marcolangwatches.com/cad/ml01-zweigesicht-2/,f34148903818c273e20deeb0e70d3dc7782e08a413bc0e420f30d8c209aa4a2b
p_0_1_1_1__0_1_1_1_4__0_1_1_83_77,0:1:1:1/0:1:1:1:4/0:1:1:83:77,253,010-zylsenk s60x150 k115x23,leaf,fixed,normal running,frame,E-CAD,assembly-role assumption,external review open,Support/fastener/dial structure at rest in normal running; fitting and conditional compliance need review where relevant.,https://www.marcolangwatches.com/cad/ml01-zweigesicht-2/,f34148903818c273e20deeb0e70d3dc7782e08a413bc0e420f30d8c209aa4a2b
p_0_1_1_1__0_1_1_1_4__0_1_1_83_78,0:1:1:1/0:1:1:1:4/0:1:1:83:78,181,010-linsenk s60x80 k90x25,leaf,fixed,normal running,frame,E-CAD,assembly-role assumption,external review open,Support/fastener/dial structure at rest in normal running; fitting and conditional compliance need review where relevant.,https://www.marcolangwatches.com/cad/ml01-zweigesicht-2/,f34148903818c273e20deeb0e70d3dc7782e08a413bc0e420f30d8c209aa4a2b
p_0_1_1_1__0_1_1_1_4__0_1_1_83_79,0:1:1:1/0:1:1:1:4/0:1:1:83:79,122,010-zylsenk s80x120 k125x40,leaf,fixed,normal running,frame,E-CAD,assembly-role assumption,external review open,Support/fastener/dial structure at rest in normal running; fitting and conditional compliance need review where relevant.,https://www.marcolangwatches.com/cad/ml01-zweigesicht-2/,f34148903818c273e20deeb0e70d3dc7782e08a413bc0e420f30d8c209aa4a2b
p_0_1_1_1__0_1_1_1_4__0_1_1_83_80,0:1:1:1/0:1:1:1:4/0:1:1:83:80,254,ml01 Sperrklinke,leaf,conditionally-driven,winding / setting / explicit correction; normal-running coupling unresolved for 97/172,unassigned,E-CAD,name/assembly assumption,external review open,Conditional input mechanism; determine mode and any back-drive before X1 (U-MODES).,https://www.marcolangwatches.com/cad/ml01-zweigesicht-2/,f34148903818c273e20deeb0e70d3dc7782e08a413bc0e420f30d8c209aa4a2b
p_0_1_1_1__0_1_1_1_4__0_1_1_83_81,0:1:1:1/0:1:1:1:4/0:1:1:83:81,255,010-zylans s80x90 k160x45 a96x50,leaf,fixed,normal running,frame,E-CAD,assembly-role assumption,external review open,Support/fastener/dial structure at rest in normal running; fitting and conditional compliance need review where relevant.,https://www.marcolangwatches.com/cad/ml01-zweigesicht-2/,f34148903818c273e20deeb0e70d3dc7782e08a413bc0e420f30d8c209aa4a2b
p_0_1_1_1__0_1_1_1_4__0_1_1_83_82,0:1:1:1/0:1:1:1:4/0:1:1:83:82,253,010-zylsenk s60x150 k115x23,leaf,fixed,normal running,frame,E-CAD,assembly-role assumption,external review open,Support/fastener/dial structure at rest in normal running; fitting and conditional compliance need review where relevant.,https://www.marcolangwatches.com/cad/ml01-zweigesicht-2/,f34148903818c273e20deeb0e70d3dc7782e08a413bc0e420f30d8c209aa4a2b
p_0_1_1_1__0_1_1_1_5,0:1:1:1/0:1:1:1:5,256,Regulierunterlage,leaf,fixed,normal running,frame,E-CAD,assembly-role assumption,external review open,Support/fastener/dial structure at rest in normal running; fitting and conditional compliance need review where relevant.,https://www.marcolangwatches.com/cad/ml01-zweigesicht-2/,f34148903818c273e20deeb0e70d3dc7782e08a413bc0e420f30d8c209aa4a2b
